Div,Date,HomeTeam,AwayTeam,HTOa,ATOa,HTAt,ATAt,HTMid,ATMid,HTDef,ATDef,HomeSquad,AwaySquad,HomeAvgAge,AwayAvgAge,HomeMV,AwayMV,FTHG,FTAG,FTR,HTHG,HTAG,HTR,HS,AS,HST,AST,HF,AF,HC,AC,HY,AY,HR,AR,HxG,AxG,HxA,AxA,HxPTS,AxPTS,HPPDA,APPDA,B365H,B365D,B365A,BWH,BWD,BWA,IWH,IWD,IWA,PSH,PSD,PSA,WHH,WHD,WHA,VCH,VCD,VCA,PSCH,PSCD,PSCA
E0,2014-08-16,Arsenal,Crystal Palace,80,73,81,71,80,73,80,73,42,42,24,27,414.75,97.25,2,1,H,1,1,D,14,4,6,2,13,19,9,3,2,2,0,1,1.55,0.16,1.03,0.15,2.79,0.11,2.93,14.17,1.25,6.5,15.0,1.25,5.5,12.0,1.3,5.0,9.0,1.26,6.45,14.01,1.25,5.5,12.0,1.25,6.25,10.5,1.29,5.9,12.75
E0,2014-08-16,Leicester,Everton,70,78,70,79,71,78,70,79,37,40,26,25,66.7,182.85,2,2,D,1,2,A,11,13,3,3,16,10,3,6,1,1,0,0,1.28,0.61,0.4,0.31,1.95,0.76,14.48,11.69,3.2,3.4,2.4,2.9,3.2,2.4,2.9,3.3,2.3,3.14,3.38,2.46,3.1,3.1,2.4,3.2,3.4,2.4,3.11,3.4,2.47
E0,2014-08-16,Manchester United,Swansea,81,75,85,77,80,73,76,74,43,36,24,25,505.4,130.75,1,2,A,0,1,A,14,5,5,4,14,20,4,0,2,4,0,0,1.17,0.28,0.5,0.28,2.24,0.48,10.12,17.95,1.36,5.0,11.0,1.4,4.75,9.0,1.33,5.0,8.0,1.37,5.1,10.6,1.36,4.5,9.0,1.36,5.2,10.0,1.45,4.81,8.25
E0,2014-08-16,Queens Park Rangers,Hull,75,72,77,70,74,72,74,72,41,35,26,27,112.25,117.1,0,1,A,0,0,D,19,11,6,4,10,10,8,9,1,2,0,0,1.9,1.12,0.92,0.98,2.01,0.74,12.82,10.29,2.5,3.3,3.1,2.5,3.1,2.85,2.3,3.3,2.9,2.48,3.26,3.22,2.6,3.0,2.9,2.55,3.2,3.12,2.31,3.24,3.59
E0,2014-08-16,Stoke,Aston Villa,75,74,76,76,75,73,73,73,30,38,27,25,110.5,114.25,0,1,A,0,0,D,12,7,2,2,14,9,2,8,0,3,0,0,0.42,0.91,0.32,0.79,0.8,1.83,4.13,14.04,1.95,3.5,4.5,1.95,3.3,3.9,2.0,3.3,3.6,1.95,3.47,4.55,1.95,3.2,4.2,1.95,3.3,4.75,2.01,3.34,4.51
E0,2014-08-16,West Bromwich Albion,Sunderland,75,74,74,75,73,73,72,73,34,34,26,25,95.95,91.0,2,2,D,1,1,D,10,7,5,2,18,9,6,3,3,1,0,0,1.68,0.99,0.88,0.88,2.04,0.7,5.94,13.69,2.25,3.4,3.5,2.3,3.25,3.1,2.2,3.3,3.1,2.21,3.34,3.73,2.3,3.1,3.3,2.25,3.3,3.6,2.09,3.42,4.03
E0,2014-08-16,West Ham,Tottenham,74,79,76,80,73,77,72,77,36,42,25,24,135.9,304.15,0,1,A,0,0,D,18,10,4,4,12,10,8,5,1,0,1,1,1.85,1.02,0.94,0.91,2.02,0.71,11.25,10.96,3.8,3.6,2.05,3.5,3.4,2.05,3.1,3.3,2.2,3.96,3.55,2.06,3.75,3.3,2.05,4.0,3.5,2.05,3.92,3.67,2.03
E0,2014-08-17,Liverpool,Southampton,80,75,81,76,79,76,79,73,35,37,24,24,324.85,210.25,2,1,H,1,0,H,12,12,5,6,8,11,2,6,1,2,0,0,1.33,1.55,1.31,1.07,1.18,1.53,11.33,11.14,1.33,5.75,10.0,1.36,4.5,8.75,1.35,4.8,7.6,1.35,5.48,10.3,1.36,4.5,9.0,1.36,5.25,10.0,1.43,4.83,8.75
E0,2014-08-17,Newcastle United,Manchester City,76,82,74,83,75,82,75,81,42,34,23,26,140.0,448.25,0,2,A,0,1,A,12,13,0,5,8,11,3,3,1,5,0,0,0.97,1.48,0.78,1.14,0.94,1.78,15.59,12.91,5.25,4.33,1.67,4.75,3.8,1.67,4.9,3.7,1.65,5.8,4.28,1.63,5.0,3.75,1.67,5.5,4.1,1.67,5.55,4.38,1.63
E0,2014-08-18,Burnley,Chelsea,70,82,70,82,69,82,69,81,30,38,26,24,52.55,557.25,1,3,A,1,3,A,9,11,2,3,6,7,4,3,1,1,0,0,0.37,2.13,0.35,1.59,0.21,2.67,17.95,13.73,9.0,5.0,1.4,7.5,4.6,1.4,6.8,4.6,1.4,9.77,4.81,1.41,9.0,4.2,1.4,10.0,4.8,1.4,9.25,5.01,1.4
E0,2014-08-23,Aston Villa,Newcastle United,74,76,76,74,73,75,73,75,38,42,25,23,114.25,140.0,0,0,D,0,0,D,9,11,0,4,11,8,7,7,4,0,0,1,0.51,0.7,0.38,0.55,1.11,1.48,15.52,8.57,2.5,3.4,3.0,2.6,3.25,2.9,2.3,3.3,2.9,2.56,3.36,3.01,2.45,3.25,2.9,2.5,3.3,3.1,2.67,3.33,2.89
E0,2014-08-23,Chelsea,Leicester,82,70,82,70,82,71,81,70,38,37,24,26,557.25,66.7,2,0,H,0,0,D,27,6,10,4,11,11,8,7,0,1,0,0,2.03,0.55,1.24,0.55,2.47,0.35,7.05,9.16,1.2,7.5,17.0,1.25,6.25,12.5,1.22,5.5,12.0,1.21,7.28,17.7,1.22,5.5,15.0,1.22,7.0,17.0,1.2,7.56,18.26
E0,2014-08-23,Crystal Palace,West Ham,73,74,71,76,73,73,73,72,42,36,27,25,97.25,135.9,1,3,A,0,2,A,9,17,4,8,14,11,6,9,1,3,0,0,0.62,1.34,0.6,0.88,0.74,1.97,8.15,9.05,2.5,3.3,3.1,2.5,3.0,2.95,2.3,3.3,2.9,2.44,3.25,3.3,2.5,3.2,2.8,2.5,3.2,3.2,2.62,3.42,2.94
E0,2014-08-23,Everton,Arsenal,78,80,79,81,78,80,79,80,40,42,25,24,182.85,414.75,2,2,D,2,0,H,8,13,2,3,10,18,3,3,1,4,0,0,1.33,1.43,1.27,1.3,1.28,1.43,15.88,7.79,2.8,3.4,2.7,2.75,3.25,2.7,2.75,3.3,2.4,2.72,3.45,2.76,2.7,3.1,2.7,2.7,3.4,2.8,2.66,3.48,2.82
E0,2014-08-23,Southampton,West Bromwich Albion,75,75,76,74,76,73,73,72,37,34,24,26,210.25,95.95,0,0,D,0,0,D,8,8,2,2,14,15,1,5,1,2,0,0,0.67,0.67,0.63,0.59,1.28,1.34,7.44,12.39,1.85,3.7,4.75,1.87,3.75,4.2,1.95,3.35,3.7,1.86,3.76,4.62,1.91,3.2,4.5,1.87,3.7,4.5,1.68,4.07,5.63
E0,2014-08-23,Swansea,Burnley,75,70,77,70,73,69,74,69,36,30,25,26,130.75,52.55,1,0,H,1,0,H,10,12,5,1,14,13,2,3,2,1,0,0,0.91,0.84,0.72,0.58,1.42,1.24,14.0,13.75,1.65,4.0,6.0,1.7,3.6,5.75,1.7,3.6,4.7,1.64,4.13,5.98,1.67,3.4,6.0,1.65,4.0,6.0,1.68,3.89,5.99
E0,2014-08-24,Hull,Stoke,72,75,70,76,72,75,72,73,35,30,27,27,117.1,110.5,1,1,D,1,0,H,9,19,2,3,10,10,4,5,1,3,1,0,0.87,1.61,0.15,0.48,0.73,1.99,20.5,9.79,2.5,3.25,3.2,2.55,3.2,2.95,2.3,3.3,2.9,2.48,3.18,3.31,2.5,3.2,2.8,2.5,3.1,3.3,2.46,3.24,3.28
E0,2014-08-24,Sunderland,Manchester United,74,81,75,85,73,80,73,76,34,43,25,24,91.0,505.4,1,1,D,1,1,D,11,10,3,3,10,15,4,4,0,2,0,0,0.67,0.94,0.61,0.19,0.97,1.67,12.71,11.0,5.0,4.0,1.75,4.4,3.75,1.83,4.9,3.7,1.65,4.95,3.93,1.79,4.5,3.5,1.8,5.0,3.9,1.75,5.54,4.35,1.64
E0,2014-08-24,Tottenham,Queens Park Rangers,79,75,80,77,77,74,77,74,42,41,24,26,304.15,112.25,4,0,H,3,0,H,18,9,5,1,12,6,7,6,0,1,0,0,2.39,1.08,2.05,0.95,2.28,0.54,7.72,16.29,1.45,4.75,8.0,1.48,4.25,7.75,1.45,4.0,7.0,1.49,4.64,7.5,1.5,4.0,7.0,1.5,4.4,7.5,1.61,4.2,6.18
E0,2014-08-25,Manchester City,Liverpool,82,80,83,81,82,79,81,79,34,35,26,24,448.25,324.85,3,1,H,1,0,H,9,11,4,3,13,7,6,7,1,1,0,0,1.31,0.9,0.97,0.85,1.74,0.96,17.0,18.22,1.85,4.0,4.33,1.87,3.9,4.0,1.85,3.45,4.0,1.83,4.05,4.43,1.85,3.4,4.33,1.85,4.0,4.3,1.85,4.01,4.35
E0,2014-08-30,Burnley,Manchester United,70,81,70,85,69,80,69,76,30,43,26,24,52.55,505.4,0,0,D,0,0,D,9,7,3,2,10,14,3,6,2,2,0,0,0.51,0.47,0.35,0.39,1.31,1.21,11.3,7.14,6.0,4.2,1.62,5.75,4.0,1.62,5.6,3.9,1.55,6.11,4.18,1.62,6.5,3.4,1.62,6.25,4.0,1.62,6.84,4.23,1.57
E0,2014-08-30,Everton,Chelsea,78,82,79,82,78,82,79,81,40,38,25,24,182.85,557.25,3,6,A,1,2,A,17,12,7,8,7,16,8,2,1,3,0,0,1.45,2.03,1.36,1.94,0.98,1.79,6.19,10.59,3.75,3.3,2.2,3.5,3.3,2.2,3.6,3.3,2.0,3.79,3.33,2.19,3.6,2.88,2.25,3.7,3.4,2.15,4.36,3.49,1.98
E0,2014-08-30,Manchester City,Stoke,82,75,83,76,82,75,81,73,34,30,26,27,448.25,110.5,0,1,A,0,0,D,16,7,2,2,14,5,11,4,2,1,0,0,0.89,0.3,0.78,0.3,1.86,0.75,3.47,27.17,1.18,8.0,18.0,1.18,6.5,14.5,1.2,5.8,13.0,1.2,7.8,17.95,1.2,5.5,21.0,1.2,7.0,20.0,1.23,7.14,14.99
E0,2014-08-30,Newcastle United,Crystal Palace,76,73,74,71,75,73,75,73,42,42,23,27,140.0,97.25,3,3,D,1,1,D,18,12,4,7,12,19,11,4,1,3,0,0,1.7,1.66,0.62,0.81,1.36,1.33,4.56,9.76,1.75,3.75,5.25,1.75,3.5,4.75,1.75,3.5,4.5,1.74,3.78,5.58,1.75,3.2,5.5,1.75,3.6,5.75,1.68,3.91,5.91
E0,2014-08-30,Queens Park Rangers,Sunderland,75,74,77,75,74,73,74,73,41,34,26,25,112.25,91.0,1,0,H,1,0,H,18,16,5,6,8,9,4,6,1,2,0,0,1.27,0.96,1.17,0.86,1.59,1.11,12.38,7.9,2.4,3.25,3.3,2.45,3.2,2.85,2.5,3.3,2.65,2.43,3.23,3.35,2.5,2.9,3.1,2.45,3.12,3.4,2.56,3.28,3.05
E0,2014-08-30,Swansea,West Bromwich Albion,75,75,77,74,73,73,74,72,36,34,25,26,130.75,95.95,3,0,H,2,0,H,15,16,8,2,10,8,0,7,1,2,0,0,2.03,0.7,1.8,0.54,2.37,0.45,13.0,15.46,1.85,3.6,4.75,1.85,3.4,4.2,1.8,3.5,4.2,1.88,3.66,4.67,1.91,3.1,4.5,1.91,3.6,4.5,2.02,3.5,4.16
E0,2014-08-30,West Ham,Southampton,74,75,76,76,73,76,72,73,36,37,25,24,135.9,210.25,1,3,A,1,1,D,4,18,2,8,11,13,2,9,2,1,0,0,0.64,1.58,0.09,0.71,0.58,2.15,27.67,7.08,2.8,3.4,2.7,2.6,3.2,2.7,2.5,3.3,2.65,2.8,3.43,2.69,2.9,2.8,2.75,2.8,3.3,2.75,3.35,3.31,2.36
E0,2014-08-31,Aston Villa,Hull,74,72,76,70,73,72,73,72,38,35,25,27,114.25,117.1,2,1,H,2,0,H,11,9,4,3,9,10,3,7,1,4,0,0,0.64,0.29,0.43,0.23,1.61,0.91,28.15,11.58,2.3,3.3,3.5,2.35,3.1,3.1,2.1,3.3,3.3,2.33,3.16,3.63,2.38,2.88,3.4,2.3,3.1,3.7,2.53,3.17,3.24
E0,2014-08-31,Leicester,Arsenal,70,80,70,81,71,80,70,80,37,42,26,24,66.7,414.75,1,1,D,1,1,D,9,24,3,6,14,6,5,10,3,1,0,0,0.81,2.3,0.81,1.81,0.41,2.41,11.0,7.5,4.75,3.75,1.83,4.33,3.4,1.83,4.5,3.5,1.75,4.54,3.8,1.87,4.8,3.0,1.91,4.6,3.75,1.85,4.37,3.67,1.93
E0,2014-08-31,Tottenham,Liverpool,79,80,80,81,77,79,77,79,42,35,24,24,304.15,324.85,0,3,A,0,1,A,7,17,1,8,14,11,7,3,0,4,0,0,0.49,2.74,0.43,1.46,0.16,2.76,7.07,12.12,2.7,3.5,2.7,2.7,3.2,2.7,2.6,3.2,2.6,2.69,3.48,2.77,2.7,3.0,2.8,2.7,3.5,2.7,2.78,3.62,2.59
E0,2014-09-13,Arsenal,Manchester City,80,82,81,83,80,82,80,81,42,34,24,26,414.75,448.25,2,2,D,0,1,A,15,15,6,8,11,15,0,3,3,4,0,0,2.08,2.31,1.62,2.17,1.23,1.55,7.08,5.02,3.0,3.4,2.5,2.85,3.5,2.5,2.75,3.3,2.4,3.03,3.48,2.48,3.0,3.0,2.5,2.9,3.5,2.5,2.49,3.33,3.08
E0,2014-09-13,Chelsea,Swansea,82,75,82,77,82,73,81,74,38,36,24,25,557.25,130.75,4,2,H,1,1,D,29,11,9,2,12,11,7,4,0,3,0,0,3.57,1.02,3.29,0.93,2.72,0.2,12.29,14.82,1.3,5.75,12.0,1.3,5.0,9.5,1.3,5.0,9.0,1.32,5.62,12.04,1.3,5.0,11.0,1.3,5.5,12.0,1.31,5.74,12.51
E0,2014-09-13,Crystal Palace,Burnley,73,70,71,70,73,69,73,69,42,30,27,26,97.25,52.55,0,0,D,0,0,D,14,11,3,3,12,10,5,5,2,3,0,0,0.78,1.25,0.7,0.39,0.85,1.85,12.73,7.5,2.25,3.3,3.6,2.25,3.2,3.2,2.0,3.3,3.6,2.23,3.35,3.66,2.25,3.1,3.4,2.25,3.2,3.7,2.22,3.38,3.64
E0,2014-09-13,Liverpool,Aston Villa,80,74,81,76,79,73,79,73,35,38,24,25,324.85,114.25,0,1,A,0,1,A,18,5,1,1,9,10,7,6,2,1,0,0,0.73,0.7,0.59,0.52,1.3,1.33,6.5,54.0,1.3,6.0,11.0,1.3,5.5,11.0,1.27,5.2,10.0,1.3,5.92,11.85,1.3,5.0,11.0,1.3,6.0,11.5,1.3,6.05,11.5
E0,2014-09-13,Southampton,Newcastle United,75,76,76,74,76,75,73,75,37,42,24,23,210.25,140.0,4,0,H,2,0,H,10,9,7,4,15,7,5,5,0,2,0,0,2.12,1.15,1.32,0.65,2.15,0.64,11.8,20.56,1.8,3.75,5.0,1.83,3.3,4.5,1.9,3.45,3.8,1.79,3.78,5.06,1.83,3.2,5.0,1.83,3.6,5.0,1.75,3.83,5.37
E0,2014-09-13,Stoke,Leicester,75,70,76,70,75,71,73,70,30,37,27,26,110.5,66.7,0,1,A,0,0,D,24,8,4,1,8,15,13,3,3,0,0,0,1.65,0.6,0.83,0.6,2.19,0.56,6.78,12.21,2.1,3.4,4.0,2.15,3.4,3.25,2.0,3.3,3.6,2.1,3.35,4.07,2.15,3.1,3.6,2.15,3.25,4.0,2.18,3.55,3.58
E0,2014-09-13,Sunderland,Tottenham,74,79,75,80,73,77,73,77,34,42,25,24,91.0,304.15,2,2,D,1,1,D,6,15,1,6,10,13,5,5,5,1,0,0,0.34,2.04,0.34,0.89,0.2,2.68,8.0,5.94,3.6,3.5,2.15,3.4,3.2,2.15,3.6,3.3,2.0,3.71,3.5,2.15,3.4,3.3,2.15,3.75,3.4,2.15,3.6,3.59,2.14
E0,2014-09-13,West Bromwich Albion,Everton,75,78,74,79,73,78,72,79,34,40,26,25,95.95,182.85,0,2,A,0,1,A,11,11,1,4,12,8,9,1,2,3,0,0,0.6,0.81,0.35,0.38,1.07,1.54,9.38,19.15,3.5,3.5,2.2,3.3,3.2,2.2,3.2,3.2,2.2,3.57,3.48,2.21,3.4,3.2,2.2,3.6,3.5,2.15,3.64,3.54,2.15
E0,2014-09-14,Manchester United,Queens Park Rangers,81,75,85,77,80,74,76,74,43,41,24,26,505.4,112.25,4,0,H,3,0,H,19,9,9,2,11,8,3,1,1,0,0,0,2.21,0.56,1.81,0.47,2.54,0.31,8.77,45.5,1.29,6.25,12.0,1.33,5.0,11.5,1.27,5.2,10.0,1.27,6.33,13.29,1.3,5.0,11.0,1.29,5.75,13.0,1.27,6.43,13.3
E0,2014-09-15,Hull,West Ham,72,74,70,76,72,73,72,72,35,36,27,25,117.1,135.9,2,2,D,1,0,H,11,16,6,4,12,7,3,10,3,1,0,0,0.44,0.66,0.29,0.63,1.05,1.52,7.38,8.35,2.15,3.4,3.75,2.25,3.3,3.4,2.3,3.3,2.9,2.15,3.33,3.91,2.2,3.1,3.5,2.15,3.3,3.9,2.18,3.36,3.72
E0,2014-09-20,Aston Villa,Arsenal,74,81,76,82,74,80,73,78,38,42,25,24,114.25,414.75,0,3,A,0,3,A,6,9,2,3,11,9,5,5,1,3,0,0,0.65,1.36,0.59,1.33,0.69,2.0,44.25,7.73,4.75,3.6,1.85,4.2,3.4,1.85,4.0,3.45,1.85,4.71,3.63,1.88,4.5,3.4,1.83,4.6,3.7,1.87,5.18,3.77,1.78
E0,2014-09-20,Burnley,Sunderland,70,74,69,74,69,75,70,73,30,34,26,25,52.55,91.0,0,0,D,0,0,D,17,14,6,6,14,14,5,1,1,2,0,0,0.71,0.64,0.66,0.59,1.36,1.25,8.4,11.27,2.5,3.3,3.1,2.6,3.25,2.9,2.6,3.1,2.7,2.49,3.36,3.12,2.5,3.2,2.8,2.55,3.2,3.12,2.6,3.23,3.08
E0,2014-09-20,Newcastle United,Hull,75,73,74,72,75,74,74,73,42,35,23,27,140.0,117.1,2,2,D,0,0,D,25,10,7,3,11,11,4,2,4,2,0,0,1.92,0.85,1.83,0.3,2.2,0.57,8.13,19.38,2.2,3.3,3.75,2.25,3.25,3.5,2.15,3.3,3.2,2.14,3.4,3.86,2.2,3.2,3.4,2.2,3.3,3.75,2.12,3.44,3.88
E0,2014-09-20,Queens Park Rangers,Stoke,75,75,75,76,75,76,73,74,41,30,26,27,112.25,110.5,2,2,D,1,1,D,21,8,5,4,6,15,10,1,2,4,0,0,1.06,1.46,0.91,1.12,0.97,1.74,9.92,9.79,2.8,3.25,2.8,2.8,3.1,2.8,2.6,3.1,2.7,2.77,3.15,2.91,2.7,3.0,2.8,2.88,3.1,2.8,2.77,3.15,2.91
E0,2014-09-20,Swansea,Southampton,75,75,77,77,73,75,74,75,36,37,25,24,130.75,210.25,0,1,A,0,0,D,5,11,2,4,11,15,2,4,0,4,1,0,0.52,0.75,0.43,0.7,1.1,1.5,17.59,7.82,2.5,3.3,3.1,2.6,3.25,2.9,2.4,3.3,2.75,2.46,3.34,3.18,2.5,3.25,2.8,2.5,3.3,3.1,2.72,3.43,2.77
E0,2014-09-20,West Ham,Liverpool,75,79,73,81,74,79,72,78,36,35,25,24,135.9,324.85,3,1,H,2,1,H,13,11,7,5,16,11,7,5,4,1,0,0,1.26,0.38,1.15,0.31,2.24,0.5,13.04,7.18,4.5,3.8,1.85,4.25,3.8,1.85,4.3,3.6,1.75,4.56,3.89,1.84,4.5,3.3,1.85,4.4,3.9,1.85,5.2,3.94,1.74
E0,2014-09-21,Everton,Crystal Palace,78,73,79,72,78,72,78,72,40,42,25,27,182.85,97.25,2,3,A,1,1,D,17,10,6,3,8,13,7,1,2,2,0,0,2.56,1.63,1.56,0.78,2.07,0.71,5.21,22.95,1.4,5.0,9.0,1.42,4.1,8.25,1.45,4.0,7.0,1.39,5.09,9.52,1.4,4.5,8.0,1.4,5.0,9.5,1.53,4.42,7.09
E0,2014-09-21,Leicester,Manchester United,71,81,71,87,69,80,70,75,37,43,26,24,66.7,505.4,5,3,H,1,2,A,15,16,5,5,11,9,2,4,1,1,0,1,2.54,1.71,0.99,1.55,1.97,0.81,12.39,6.69,5.5,4.2,1.67,4.75,3.8,1.67,5.6,3.9,1.55,5.64,4.23,1.65,5.5,3.5,1.67,5.75,4.0,1.67,5.43,3.94,1.72
E0,2014-09-21,Manchester City,Chelsea,82,82,83,83,83,82,81,81,34,38,26,24,448.25,557.25,1,1,D,0,0,D,16,6,4,2,16,12,14,2,3,4,1,0,1.06,1.02,0.81,0.94,1.31,1.35,5.72,14.9,2.38,3.5,3.1,2.4,3.4,3.0,2.4,3.3,2.75,2.39,3.56,3.12,2.4,3.1,3.1,2.5,3.5,3.1,2.48,3.45,3.06
E0,2014-09-21,Tottenham,West Bromwich Albion,79,75,80,77,78,73,76,72,42,34,24,26,304.15,95.95,0,1,A,0,0,D,7,10,1,4,12,7,9,7,2,2,0,0,0.44,1.08,0.44,0.94,0.72,1.96,5.83,11.78,1.53,4.33,7.0,1.53,4.0,6.0,1.5,4.0,6.1,1.53,4.39,7.25,1.53,3.75,7.0,1.53,4.33,7.0,1.5,4.71,7.02
E0,2014-09-27,Arsenal,Tottenham,81,79,81,80,81,78,78,76,42,42,24,24,414.75,304.15,1,1,D,0,0,D,16,6,6,4,7,16,15,5,3,6,0,0,1.26,0.67,0.63,0.63,1.87,0.82,5.46,16.7,1.75,3.9,5.0,1.8,3.6,4.75,1.8,3.5,4.2,1.8,3.86,4.87,1.8,3.5,4.5,1.8,3.9,4.8,1.83,3.9,4.66
E0,2014-09-27,Chelsea,Aston Villa,82,74,83,76,82,74,81,72,38,38,24,25,557.25,114.25,3,0,H,1,0,H,17,7,8,1,11,9,9,2,2,2,0,0,3.14,0.23,1.85,0.12,2.96,0.02,18.2,49.38,1.22,7.0,16.0,1.25,5.5,11.0,1.25,5.5,10.3,1.22,7.05,16.5,1.25,5.5,12.0,1.22,7.0,17.0,1.22,7.16,16.94
E0,2014-09-27,Crystal Palace,Leicester,73,71,72,70,73,71,73,70,42,37,27,26,97.25,66.7,2,0,H,0,0,D,16,7,6,1,14,9,6,6,0,2,0,0,2.11,0.45,2.15,0.18,2.71,0.18,8.97,7.44,2.63,3.4,2.88,2.65,3.1,2.7,2.5,3.2,2.75,2.64,3.37,2.9,2.7,3.1,2.7,2.6,3.4,2.9,2.67,3.5,2.79
E0,2014-09-27,Hull,Manchester City,73,82,72,83,74,83,73,81,35,34,27,26,117.1,448.25,2,4,A,2,2,D,10,20,5,6,10,6,3,8,0,2,0,0,1.12,1.79,0.27,1.74,0.85,1.87,21.3,11.2,6.5,4.2,1.57,5.75,3.8,1.57,5.5,3.8,1.57,6.79,4.32,1.56,6.5,3.6,1.57,6.5,4.2,1.57,7.32,4.81,1.48
E0,2014-09-27,Liverpool,Everton,79,78,80,80,78,77,78,77,35,40,24,25,324.85,182.85,1,1,D,0,0,D,24,11,8,5,8,9,8,2,2,1,0,0,1.53,0.48,1.28,0.44,2.25,0.5,12.0,10.85,1.91,3.75,4.33,1.95,3.6,4.0,1.8,3.5,4.2,1.96,3.81,4.04,1.91,3.4,4.0,1.92,3.8,4.1,1.92,3.69,4.38
E0,2014-09-27,Manchester United,West Ham,81,75,88,74,81,74,77,72,43,36,24,25,505.4,135.9,2,1,H,2,1,H,8,13,3,4,10,12,7,10,1,3,1,0,0.52,1.27,0.52,0.5,0.7,2.02,14.54,15.0,1.4,5.5,8.0,1.4,4.6,7.25,1.35,4.8,7.6,1.39,5.44,8.41,1.4,4.5,8.0,1.4,5.4,8.0,1.32,6.48,9.24
E0,2014-09-27,Southampton,Queens Park Rangers,75,75,77,75,75,74,75,74,37,41,24,26,210.25,112.25,2,1,H,0,0,D,19,10,9,2,12,11,6,3,2,1,0,0,2.34,0.46,1.13,0.36,2.65,0.23,9.55,14.56,1.44,4.6,8.5,1.45,4.2,7.0,1.5,4.0,6.1,1.47,4.63,8.14,1.44,4.0,8.0,1.45,4.6,8.5,1.57,4.34,6.61
E0,2014-09-27,Sunderland,Swansea,74,75,74,77,74,73,72,74,34,36,25,25,91.0,130.75,0,0,D,0,0,D,15,7,3,1,13,15,10,1,2,1,0,1,1.4,0.16,1.23,0.16,2.47,0.32,10.32,6.86,2.9,3.3,2.63,2.8,3.2,2.7,2.6,3.1,2.7,2.96,3.23,2.69,2.7,3.1,2.7,3.0,3.1,2.7,2.88,3.36,2.67
E0,2014-09-28,West Bromwich Albion,Burnley,75,70,73,69,74,69,72,70,34,30,26,26,95.95,52.55,4,0,H,2,0,H,20,10,6,2,7,9,10,2,1,2,0,0,1.81,0.47,1.63,0.36,2.47,0.35,11.4,19.0,2.0,3.5,4.2,2.0,3.4,4.0,1.9,3.45,3.8,2.01,3.46,4.29,2.0,3.2,4.0,2.0,3.4,4.33,1.92,3.46,4.79
E0,2014-09-29,Stoke,Newcastle United,75,75,74,74,75,75,74,74,30,42,27,23,110.5,140.0,1,0,H,1,0,H,12,16,3,1,20,15,2,10,1,2,0,0,1.56,1.14,0.79,1.02,1.72,0.98,9.54,7.43,2.15,3.4,3.8,2.15,3.3,3.7,2.1,3.2,3.4,2.13,3.42,3.86,2.15,3.2,3.5,2.15,3.3,3.9,2.17,3.37,3.8
E0,2014-10-04,Aston Villa,Manchester City,74,82,75,83,74,82,73,81,38,34,25,26,114.25,448.25,0,2,A,0,0,D,6,27,1,7,4,6,0,7,0,1,0,0,0.69,2.31,0.67,1.6,0.39,2.44,25.79,7.77,7.5,4.5,1.5,6.75,4.2,1.53,5.6,3.9,1.55,8.05,4.57,1.48,7.0,3.75,1.53,8.0,4.5,1.5,8.7,5.0,1.42
E0,2014-10-04,Hull,Crystal Palace,73,73,72,72,74,73,72,73,35,42,27,27,117.1,97.25,2,0,H,0,0,D,15,11,2,2,6,14,6,7,1,2,0,0,1.07,0.62,1.0,0.5,1.74,0.92,5.41,12.88,2.1,3.5,3.8,2.1,3.2,3.6,2.2,3.3,3.1,2.12,3.44,3.89,2.1,3.1,3.8,2.1,3.4,3.9,2.18,3.45,3.67
E0,2014-10-04,Leicester,Burnley,71,70,71,70,71,68,70,70,37,30,26,26,66.7,52.55,2,2,D,2,1,H,15,10,6,4,16,12,9,3,2,2,0,0,1.58,0.96,0.48,0.8,1.87,0.83,7.65,6.72,1.8,3.75,5.0,1.8,3.4,4.5,1.75,3.5,4.5,1.79,3.72,5.16,1.8,3.25,5.0,1.8,3.7,5.0,1.72,4.05,5.2
E0,2014-10-04,Liverpool,West Bromwich Albion,79,75,82,73,79,74,77,72,35,34,24,26,324.85,95.95,2,1,H,1,0,H,19,8,7,4,12,15,5,5,2,2,0,0,1.56,1.44,1.24,0.66,1.4,1.32,8.04,8.03,1.44,5.0,7.5,1.44,4.33,7.0,1.45,4.0,7.0,1.46,4.78,7.95,1.44,4.33,7.0,1.45,4.8,8.0,1.48,4.69,7.7
E0,2014-10-04,Sunderland,Stoke,74,75,74,74,74,75,72,74,34,30,25,27,91.0,110.5,3,1,H,2,1,H,8,11,3,5,10,17,7,4,3,4,0,0,1.41,0.48,1.33,0.38,2.24,0.52,7.58,4.82,2.55,3.25,3.1,2.6,3.0,2.85,2.4,3.15,2.9,2.55,3.23,3.14,2.6,3.0,2.9,2.55,3.12,3.2,2.67,3.25,2.96
E0,2014-10-04,Swansea,Newcastle United,75,75,78,74,73,74,73,74,36,42,25,23,130.75,140.0,2,2,D,1,1,D,11,9,5,4,11,15,3,1,1,3,0,0,1.55,1.19,1.46,0.93,1.64,1.08,7.07,13.5,1.91,3.7,4.33,1.91,3.4,4.0,1.75,3.5,4.5,1.92,3.65,4.44,1.91,3.3,4.2,1.92,3.6,4.4,2.02,3.61,4.0
E0,2014-10-05,Chelsea,Arsenal,82,80,83,78,82,80,81,78,38,42,24,24,557.25,414.75,2,0,H,1,0,H,5,10,3,0,14,10,2,2,4,3,0,0,1.4,0.33,0.63,0.31,2.43,0.36,8.23,11.29,1.67,4.2,5.25,1.72,3.75,5.25,1.67,3.6,5.0,1.67,4.1,5.64,1.67,3.6,5.5,1.67,4.1,5.5,1.72,3.99,5.3
E0,2014-10-05,Manchester United,Everton,81,78,87,77,79,76,75,77,43,40,24,25,505.4,182.85,2,1,H,1,0,H,15,10,4,6,18,11,11,6,4,3,0,0,1.62,2.14,1.59,1.3,0.99,1.76,7.44,13.45,1.67,4.2,5.25,1.67,4.0,5.25,1.7,3.6,4.7,1.66,4.19,5.62,1.67,3.6,5.5,1.67,4.2,5.4,1.59,4.48,5.96
E0,2014-10-05,Tottenham,Southampton,79,75,80,75,76,74,77,75,42,37,24,24,304.15,210.25,1,0,H,1,0,H,9,7,4,3,15,9,10,5,2,1,0,0,0.9,1.15,0.82,1.0,1.1,1.58,11.86,6.81,2.2,3.5,3.5,2.2,3.5,3.3,2.1,3.3,3.3,2.16,3.45,3.73,2.25,3.1,3.4,2.2,3.5,3.5,2.45,3.48,3.08
E0,2014-10-05,West Ham,Queens Park Rangers,74,75,74,74,72,75,72,74,36,41,25,26,135.9,112.25,2,0,H,1,0,H,11,10,3,3,10,11,7,5,2,2,0,0,1.64,0.7,1.46,0.63,2.24,0.51,12.41,9.75,1.91,3.6,4.5,1.95,3.4,4.25,1.9,3.45,3.8,1.91,3.61,4.56,1.95,3.3,4.0,1.95,3.5,4.4,1.89,3.67,4.55
E0,2014-10-18,Arsenal,Hull,80,73,78,72,80,75,74,73,42,35,24,27,414.75,117.1,2,2,D,1,1,D,25,4,9,4,9,13,10,0,2,2,0,0,2.15,0.55,1.5,0.24,2.53,0.32,6.33,44.0,1.4,5.0,9.0,1.44,4.33,7.0,1.35,4.8,7.6,1.44,4.87,8.39,1.44,4.0,8.0,1.4,5.0,8.5,1.42,4.96,8.7
E0,2014-10-18,Burnley,West Ham,70,74,70,74,69,74,70,72,30,36,26,25,52.55,135.9,1,3,A,0,0,D,17,22,3,6,3,10,5,7,0,1,0,0,1.74,2.84,1.39,2.61,0.71,2.1,17.36,9.29,2.8,3.4,2.7,2.8,3.2,2.7,2.6,3.2,2.6,2.83,3.37,2.7,2.8,3.0,2.7,2.88,3.3,2.7,2.73,3.46,2.75
E0,2014-10-18,Crystal Palace,Chelsea,73,82,72,83,73,82,73,81,42,38,27,24,97.25,557.25,1,2,A,0,1,A,7,14,4,5,13,7,3,2,1,1,1,1,1.17,1.02,1.11,0.91,1.53,1.15,20.83,7.57,8.5,4.75,1.44,7.0,4.25,1.44,7.3,4.4,1.4,8.5,4.68,1.45,8.0,4.0,1.44,8.5,4.6,1.45,9.03,4.52,1.45
E0,2014-10-18,Everton,Aston Villa,78,74,80,77,77,74,77,73,40,38,25,25,182.85,114.25,3,0,H,1,0,H,15,10,6,2,11,16,3,4,2,2,0,0,1.67,0.37,1.56,0.32,2.47,0.34,16.08,17.25,1.6,4.0,6.5,1.62,3.7,5.5,1.65,3.6,5.1,1.56,4.29,6.76,1.62,3.6,6.0,1.62,4.0,6.5,1.53,4.7,6.56
E0,2014-10-18,Manchester City,Tottenham,82,79,83,80,81,75,81,77,34,42,26,24,448.25,304.15,4,1,H,2,1,H,20,19,12,7,11,9,3,4,1,2,0,1,3.75,2.32,1.25,1.32,2.27,0.57,5.53,17.35,1.45,4.75,8.0,1.5,4.33,7.0,1.45,4.0,7.0,1.47,4.79,7.77,1.5,4.0,7.0,1.5,4.6,7.0,1.48,4.98,7.03
E0,2014-10-18,Newcastle United,Leicester,75,71,77,70,74,70,74,70,42,37,23,26,140.0,66.7,1,0,H,0,0,D,19,7,6,2,13,15,10,7,0,3,0,0,2.19,0.65,1.5,0.51,2.49,0.35,6.03,10.0,2.25,3.6,3.3,2.2,3.3,3.25,2.1,3.3,3.3,2.25,3.59,3.31,2.2,3.1,3.5,2.25,3.6,3.3,2.13,3.57,3.73
E0,2014-10-18,Southampton,Sunderland,75,74,76,75,75,72,75,73,37,34,24,25,210.25,91.0,8,0,H,3,0,H,20,12,11,1,11,8,5,6,1,3,0,0,3.71,0.92,3.69,0.79,2.82,0.13,10.36,24.73,1.57,4.0,7.0,1.62,3.75,5.25,1.65,3.6,5.1,1.59,4.12,6.79,1.62,3.4,6.5,1.62,4.0,6.5,1.53,4.5,7.0
E0,2014-10-19,Queens Park Rangers,Liverpool,75,79,74,79,75,78,74,77,41,35,26,24,112.25,324.85,2,3,A,0,0,D,15,15,6,5,10,15,7,2,2,3,0,0,2.61,1.52,2.15,0.81,2.15,0.65,7.59,6.3,6.0,4.2,1.6,5.75,4.0,1.62,5.1,3.6,1.65,6.52,4.3,1.58,6.0,3.6,1.62,6.25,4.2,1.6,6.85,4.32,1.56
E0,2014-10-19,Stoke,Swansea,75,75,74,78,75,73,74,74,30,36,27,25,110.5,130.75,2,1,H,1,1,D,17,13,3,5,17,7,3,5,4,1,0,0,1.76,2.27,0.87,1.12,0.93,1.81,10.63,11.06,2.5,3.3,3.1,2.5,3.25,3.0,2.4,3.2,2.85,2.55,3.31,3.07,2.5,3.0,3.0,2.55,3.3,3.0,2.38,3.31,3.35
E0,2014-10-20,West Bromwich Albion,Manchester United,75,81,74,87,74,80,72,77,34,43,26,24,95.95,505.4,2,2,D,1,0,H,8,22,2,7,6,8,0,11,1,2,0,0,0.62,0.93,0.59,0.59,1.07,1.57,17.88,7.93,5.0,4.0,1.75,4.5,4.1,1.75,4.7,3.6,1.7,5.05,3.97,1.75,5.0,3.4,1.75,5.0,3.9,1.75,4.83,3.94,1.79
E0,2014-10-25,Liverpool,Hull,79,73,82,73,78,74,78,72,35,35,24,27,324.85,117.1,0,0,D,0,0,D,17,6,4,3,12,17,14,1,3,2,0,0,0.68,0.22,0.54,0.19,1.77,0.77,6.25,10.47,1.44,4.75,8.0,1.45,4.25,7.0,1.4,4.6,6.8,1.44,4.84,8.29,1.4,4.5,7.0,1.45,4.75,8.0,1.4,5.25,8.65
E0,2014-10-25,Southampton,Stoke,75,75,75,74,75,75,75,74,37,30,24,27,210.25,110.5,1,0,H,1,0,H,20,8,2,1,10,12,6,3,0,2,0,0,1.38,0.87,1.14,0.83,1.75,0.95,8.13,21.31,1.65,4.0,6.0,1.65,3.75,6.0,1.6,3.8,5.2,1.65,4.1,5.94,1.6,3.6,5.5,1.62,4.0,6.5,1.61,4.15,6.4
E0,2014-10-25,Sunderland,Arsenal,74,80,75,78,72,80,73,77,34,42,25,24,91.0,414.75,0,2,A,0,1,A,11,15,3,5,11,9,3,3,3,3,0,0,0.44,1.47,0.43,0.54,0.49,2.27,7.61,4.73,5.5,3.8,1.73,5.25,3.7,1.72,4.9,3.7,1.65,5.21,3.95,1.74,4.8,3.75,1.65,5.4,3.8,1.73,4.75,3.76,1.84
E0,2014-10-25,Swansea,Leicester,75,71,78,72,73,70,74,70,36,37,25,26,130.75,66.7,2,0,H,1,0,H,7,9,3,4,7,10,2,2,0,0,0,0,1.06,0.77,1.01,0.24,1.6,1.03,16.05,14.5,1.95,3.7,4.2,1.95,3.6,4.0,1.85,3.45,4.0,1.92,3.72,4.37,1.95,3.5,3.6,1.91,3.7,4.33,1.84,3.76,4.74
E0,2014-10-25,West Bromwich Albion,Crystal Palace,75,73,74,72,74,72,72,73,34,42,26,27,95.95,97.25,2,2,D,0,2,A,17,8,4,6,14,8,6,3,3,1,0,0,1.46,1.77,0.52,0.36,1.0,1.69,4.46,24.77,1.91,3.6,4.5,1.91,3.4,4.0,1.9,3.45,3.8,1.89,3.62,4.65,1.85,3.3,4.2,1.87,3.6,4.75,1.85,3.81,4.61
E0,2014-10-25,West Ham,Manchester City,74,82,74,83,74,82,72,81,36,34,25,26,135.9,448.25,2,1,H,1,0,H,12,21,4,5,12,14,4,8,2,1,0,0,2.63,1.86,1.89,1.27,1.92,0.85,12.19,3.95,6.5,4.5,1.55,6.0,4.2,1.57,5.6,3.9,1.55,6.66,4.71,1.52,5.5,4.0,1.55,6.5,4.5,1.53,6.53,4.66,1.53
E0,2014-10-26,Burnley,Everton,70,78,70,80,69,77,70,78,30,40,26,25,52.55,182.85,1,3,A,1,2,A,14,15,3,6,12,7,5,4,4,2,0,0,1.56,1.32,0.89,0.78,1.59,1.14,13.29,14.23,4.75,3.75,1.83,4.6,3.6,1.85,4.2,3.5,1.8,4.49,3.81,1.87,4.33,3.6,1.75,4.6,3.75,1.85,4.2,3.48,2.02
E0,2014-10-26,Manchester United,Chelsea,81,82,87,82,80,82,77,81,43,38,24,24,505.4,557.25,1,1,D,0,0,D,19,9,7,4,13,14,4,7,3,5,0,1,1.84,0.99,1.22,0.99,2.02,0.74,13.61,14.11,2.88,3.6,2.5,2.75,3.5,2.55,2.6,3.2,2.6,2.92,3.5,2.55,2.88,3.3,2.4,2.9,3.5,2.5,2.86,3.35,2.68
E0,2014-10-26,Tottenham,Newcastle United,79,75,80,77,76,74,77,74,42,42,24,23,304.15,140.0,1,2,A,1,0,H,17,8,2,2,9,12,10,2,2,4,0,0,2.04,0.74,1.82,0.65,2.33,0.48,5.32,9.38,1.75,3.9,5.0,1.8,3.75,4.6,1.7,3.6,4.7,1.76,3.93,5.03,1.7,3.75,4.4,1.75,3.9,5.0,1.56,4.45,6.6
E0,2014-10-27,Queens Park Rangers,Aston Villa,75,74,74,75,74,74,74,73,41,38,26,25,112.25,114.25,2,0,H,1,0,H,11,15,4,6,11,14,2,4,0,2,0,0,0.82,1.19,0.73,0.85,1.0,1.68,13.6,5.59,2.38,3.25,3.4,2.4,3.3,3.1,2.3,3.3,2.9,2.33,3.32,3.45,2.3,3.1,3.1,2.38,3.25,3.4,2.31,3.33,3.46
E0,2014-11-01,Arsenal,Burnley,80,70,78,69,81,69,77,70,42,30,24,26,414.75,52.55,3,0,H,0,0,D,32,6,13,2,5,9,18,1,0,1,0,0,4.33,0.68,3.03,0.24,2.95,0.03,8.4,13.0,1.25,6.5,14.0,1.28,5.5,9.5,1.3,5.0,9.0,1.28,6.21,13.23,1.29,5.0,12.0,1.29,6.0,12.0,1.25,6.64,13.94
E0,2014-11-01,Chelsea,Queens Park Rangers,82,75,82,72,82,74,81,74,38,41,24,26,557.25,112.25,2,1,H,1,0,H,18,7,8,1,8,12,13,2,0,0,0,0,2.24,0.51,1.21,0.38,2.63,0.24,5.5,13.04,1.17,8.5,21.0,1.18,6.25,15.0,1.17,6.5,14.0,1.19,7.8,19.99,1.17,6.5,19.0,1.18,8.0,19.0,1.16,8.72,21.42
E0,2014-11-01,Everton,Swansea,78,75,80,78,78,73,78,74,40,36,25,25,182.85,130.75,0,0,D,0,0,D,17,8,3,0,10,15,11,0,2,3,0,1,1.15,0.69,0.5,0.58,1.76,0.92,4.91,13.18,1.75,3.8,5.25,1.75,3.6,4.5,1.72,3.6,4.6,1.74,3.85,5.39,1.75,3.25,5.5,1.73,3.8,5.4,1.92,3.6,4.52
E0,2014-11-01,Hull,Southampton,73,75,73,76,74,75,71,75,35,37,27,24,117.1,210.25,0,1,A,0,1,A,8,10,1,3,6,9,7,4,1,0,0,0,0.26,1.9,0.26,1.96,0.18,2.7,25.62,8.24,3.8,3.6,2.05,3.6,3.3,2.05,3.3,3.3,2.1,4.01,3.61,2.03,3.75,3.1,2.1,4.1,3.6,2.0,4.28,3.83,1.9
E0,2014-11-01,Leicester,West Bromwich Albion,71,74,73,74,70,74,70,72,37,34,26,26,66.7,95.95,0,1,A,0,0,D,14,8,5,3,5,12,8,3,0,1,0,0,1.41,0.56,1.0,0.51,2.11,0.63,8.39,7.21,2.3,3.5,3.3,2.3,3.3,3.0,2.2,3.3,3.1,2.35,3.46,3.27,2.38,3.2,3.1,2.38,3.5,3.2,2.51,3.48,2.99
E0,2014-11-01,Newcastle United,Liverpool,75,79,72,82,74,78,74,77,42,35,23,24,140.0,324.85,1,0,H,0,0,D,14,6,3,3,13,8,7,2,4,3,0,0,1.57,0.26,0.75,0.22,2.47,0.33,13.75,9.38,3.8,3.75,2.0,3.75,3.5,2.05,3.6,3.3,2.0,3.77,3.74,2.05,3.8,3.2,2.05,3.8,3.6,2.05,3.55,3.65,2.15
E0,2014-11-01,Stoke,West Ham,75,74,75,74,75,74,74,72,30,36,27,25,110.5,135.9,2,2,D,1,0,H,21,10,6,2,14,13,9,2,1,1,0,0,3.07,0.53,2.07,0.42,2.82,0.12,5.2,9.76,2.38,3.4,3.25,2.4,3.2,2.95,2.25,3.2,3.1,2.42,3.37,3.22,2.4,3.1,3.1,2.4,3.4,3.2,2.42,3.33,3.26
E0,2014-11-02,Aston Villa,Tottenham,74,79,75,80,74,76,74,77,38,42,25,24,114.25,304.15,1,2,A,1,0,H,12,18,1,7,12,11,3,9,3,3,1,0,0.87,2.54,0.79,1.29,0.36,2.49,14.37,8.06,3.75,3.6,2.1,3.6,3.5,2.1,3.3,3.3,2.1,3.89,3.53,2.08,3.8,3.1,2.1,3.9,3.4,2.1,4.38,3.66,1.93
E0,2014-11-02,Manchester City,Manchester United,82,81,83,87,81,79,81,77,34,43,26,24,448.25,505.4,1,0,H,0,0,D,16,9,6,2,15,9,7,4,3,1,0,1,2.57,0.73,2.43,0.68,2.56,0.3,7.37,13.32,1.91,3.75,4.33,1.91,3.75,4.0,1.9,3.3,4.0,1.9,3.81,4.33,1.91,3.3,4.2,1.95,3.8,4.0,2.02,3.67,3.91
E0,2014-11-03,Crystal Palace,Sunderland,73,74,71,75,73,74,73,73,42,34,27,25,97.25,91.0,1,3,A,0,1,A,9,8,1,7,12,19,11,2,0,3,1,0,0.77,0.73,0.75,0.66,1.38,1.24,7.5,5.57,2.1,3.5,3.8,2.1,3.4,3.7,2.1,3.3,3.3,2.08,3.48,3.96,2.15,3.1,3.6,2.1,3.4,4.0,2.11,3.44,3.91
E0,2014-11-08,Burnley,Hull,70,73,70,73,69,74,70,70,30,35,26,27,52.55,117.1,1,0,H,0,0,D,14,12,3,1,17,17,7,1,6,4,0,0,1.1,0.53,0.76,0.37,1.85,0.83,8.28,6.74,2.5,3.4,3.0,2.5,3.2,2.8,2.6,3.2,2.6,2.52,3.36,3.07,2.6,3.0,2.9,2.6,3.25,3.0,2.54,3.33,3.06
E0,2014-11-08,Liverpool,Chelsea,79,82,82,83,78,82,78,81,35,38,24,24,324.85,557.25,1,2,A,1,1,D,12,15,4,5,9,12,5,7,2,5,0,0,0.53,1.97,0.46,1.54,0.33,2.52,9.55,11.93,3.4,3.4,2.3,3.1,3.25,2.3,3.2,3.2,2.2,3.36,3.46,2.31,3.4,3.0,2.3,3.3,3.5,2.3,3.46,3.5,2.26
E0,2014-11-08,Manchester United,Crystal Palace,81,73,88,71,80,73,69,73,43,42,24,27,505.4,97.25,1,0,H,0,0,D,23,6,5,1,8,12,11,4,1,3,0,0,0.96,0.4,0.6,0.39,1.84,0.8,7.47,26.0,1.3,6.0,11.0,1.32,5.5,7.6,1.35,4.8,7.6,1.3,5.87,12.0,1.33,4.8,10.0,1.3,6.0,11.5,1.31,6.05,10.7
E0,2014-11-08,Queens Park Rangers,Manchester City,75,82,74,85,75,81,74,81,41,34,26,26,112.25,448.25,2,2,D,1,1,D,17,23,4,6,9,10,7,7,4,2,0,0,1.86,1.7,1.57,1.41,1.52,1.25,9.68,8.33,7.0,4.75,1.5,6.0,4.2,1.5,7.0,4.0,1.45,7.14,4.73,1.5,7.0,4.0,1.5,7.0,4.6,1.5,6.72,4.84,1.51
E0,2014-11-08,Southampton,Leicester,75,71,76,71,74,70,75,70,37,37,24,26,210.25,66.7,2,0,H,0,0,D,18,5,6,0,10,12,13,4,2,2,0,0,1.01,0.54,0.78,0.46,1.76,0.89,7.39,20.88,1.44,4.75,8.0,1.44,4.5,6.5,1.5,4.0,6.1,1.44,4.83,8.54,1.44,4.0,8.0,1.4,4.75,9.0,1.46,4.94,7.53
E0,2014-11-08,West Ham,Aston Villa,75,74,75,74,74,73,72,74,36,38,25,25,135.9,114.25,0,0,D,0,0,D,21,12,5,4,9,10,13,2,0,3,0,0,1.48,0.56,1.3,0.32,2.1,0.64,7.52,14.18,1.75,3.75,5.5,1.75,3.6,4.6,1.75,3.5,4.5,1.75,3.73,5.52,1.75,3.4,5.0,1.75,3.75,5.4,1.7,3.97,5.5
E0,2014-11-09,Sunderland,Everton,74,78,75,79,72,78,74,79,34,40,25,25,91.0,182.85,1,1,D,0,0,D,10,16,3,7,11,13,5,4,1,2,0,0,0.51,1.32,0.37,0.54,0.56,2.17,11.48,8.32,4.0,3.5,2.05,3.6,3.3,2.05,3.6,3.3,2.0,4.07,3.48,2.05,3.8,3.2,2.05,4.0,3.5,2.05,3.92,3.51,2.09
E0,2014-11-09,Swansea,Arsenal,75,80,79,78,72,80,74,77,36,42,25,24,130.75,414.75,2,1,H,0,0,D,11,12,5,4,10,16,6,10,5,5,0,0,0.52,1.78,0.43,1.74,0.42,2.39,11.65,8.97,3.75,3.5,2.1,3.3,3.3,2.15,3.3,3.3,2.1,3.59,3.5,2.19,3.5,3.1,2.2,3.6,3.4,2.2,4.1,3.65,1.99
E0,2014-11-09,Tottenham,Stoke,79,75,77,75,76,74,77,74,42,30,24,27,304.15,110.5,1,2,A,0,2,A,14,11,4,4,20,13,5,5,3,2,1,0,1.28,1.25,1.01,1.0,1.38,1.31,4.33,11.41,1.7,4.0,5.5,1.7,3.6,5.0,1.6,3.7,5.4,1.69,3.91,5.81,1.7,3.4,5.5,1.7,3.8,5.75,1.88,3.55,4.8
E0,2014-11-09,West Bromwich Albion,Newcastle United,74,75,74,77,74,74,72,74,34,42,26,23,95.95,140.0,0,2,A,0,1,A,10,8,2,3,12,6,7,4,0,0,0,0,0.77,0.69,0.67,0.64,1.38,1.24,9.63,12.75,2.3,3.5,3.3,2.3,3.3,3.0,2.4,3.2,2.85,2.26,3.45,3.47,2.3,3.1,3.3,2.25,3.4,3.5,2.12,3.49,3.81
E0,2014-11-22,Arsenal,Manchester United,80,81,80,88,80,80,77,71,42,43,24,24,414.75,505.4,1,2,A,0,0,D,23,12,9,2,12,8,11,5,2,1,0,0,2.0,1.28,1.89,1.1,1.89,0.87,5.96,14.33,2.15,3.6,3.5,2.2,3.25,3.2,2.3,3.3,2.9,2.16,3.67,3.51,2.2,3.0,3.6,2.15,3.5,3.6,2.0,3.77,3.88
E0,2014-11-22,Chelsea,West Bromwich Albion,82,74,83,74,82,74,81,72,38,34,24,26,557.25,95.95,2,0,H,2,0,H,21,5,8,1,7,9,15,0,1,0,0,1,4.37,0.09,2.87,0.07,2.99,0.0,10.86,35.55,1.25,6.5,15.0,1.25,5.75,10.5,1.2,6.0,12.5,1.24,6.64,15.21,1.25,5.0,15.0,1.25,6.5,15.0,1.22,6.95,17.0
E0,2014-11-22,Everton,West Ham,78,75,78,76,77,74,79,72,40,36,25,25,182.85,135.9,2,1,H,1,0,H,14,14,4,3,10,13,1,5,2,3,0,0,1.83,1.12,1.38,1.01,1.93,0.82,5.29,13.86,1.85,3.8,4.5,1.85,3.6,4.0,1.75,3.5,4.5,1.85,3.82,4.59,1.91,3.0,4.8,1.87,3.75,4.5,1.63,4.39,5.54
E0,2014-11-22,Leicester,Sunderland,71,74,71,75,71,73,69,74,37,34,26,25,66.7,91.0,0,0,D,0,0,D,13,10,4,5,18,12,6,9,2,3,0,0,0.69,0.89,0.62,0.78,1.12,1.53,8.61,5.5,2.1,3.5,3.8,2.15,3.4,3.2,2.25,3.3,3.0,2.1,3.51,3.87,2.15,2.9,4.0,2.15,3.4,3.75,1.97,3.7,4.12
E0,2014-11-22,Manchester City,Swansea,82,75,83,79,81,72,81,73,34,36,26,25,448.25,130.75,2,1,H,1,1,D,23,8,10,3,13,9,7,3,2,1,0,0,2.26,0.96,1.92,0.78,2.26,0.54,7.53,16.33,1.4,5.25,8.5,1.4,4.6,7.5,1.35,4.8,7.6,1.39,5.36,8.85,1.4,4.33,9.0,1.4,5.0,9.0,1.36,5.68,9.3
E0,2014-11-22,Newcastle United,Queens Park Rangers,75,75,72,73,74,74,73,74,42,41,23,26,140.0,112.25,1,0,H,0,0,D,14,13,6,4,12,15,16,7,2,3,0,0,1.48,0.4,1.36,0.38,2.3,0.47,4.38,7.08,1.83,3.75,4.75,1.91,3.4,3.9,1.75,3.5,4.5,1.85,3.71,4.75,1.91,3.1,4.5,1.83,3.7,4.8,1.82,3.73,4.92
E0,2014-11-22,Stoke,Burnley,75,70,76,70,75,69,74,70,30,30,27,26,110.5,52.55,1,2,A,1,2,A,25,5,4,4,10,9,14,0,2,2,0,0,1.94,1.28,1.67,0.71,1.86,0.87,3.15,15.05,1.7,3.8,5.75,1.72,3.6,4.75,1.65,3.6,5.1,1.68,3.89,5.9,1.73,3.1,6.0,1.73,3.75,5.5,1.65,3.74,6.72
E0,2014-11-23,Crystal Palace,Liverpool,73,79,71,80,73,78,73,79,42,35,27,24,97.25,324.85,3,1,H,1,1,D,15,12,5,1,21,10,4,3,1,2,0,0,1.47,0.95,0.82,0.74,1.8,0.92,12.85,6.47,4.33,3.7,1.91,3.7,3.6,1.91,4.5,3.5,1.75,4.65,3.74,1.86,4.5,3.0,1.95,4.4,3.6,1.9,4.25,3.6,1.97
E0,2014-11-23,Hull,Tottenham,73,79,72,78,74,76,73,77,35,42,27,24,117.1,304.15,1,2,A,1,0,H,10,23,2,6,15,9,3,9,3,1,1,0,0.94,2.16,0.48,1.56,0.55,2.25,13.33,4.0,3.6,3.4,2.2,3.25,3.3,2.2,3.3,3.3,2.1,3.72,3.46,2.16,3.6,2.87,2.25,3.7,3.4,2.15,3.37,3.44,2.32
E0,2014-11-24,Aston Villa,Southampton,74,76,73,76,73,74,73,75,38,37,25,24,114.25,210.25,1,1,D,1,0,H,7,15,1,4,15,17,2,8,1,2,0,0,1.13,0.86,1.06,0.7,1.63,1.06,20.86,6.2,5.25,3.75,1.75,4.33,3.6,1.78,4.2,3.5,1.8,5.54,3.79,1.74,5.0,3.2,1.8,5.4,3.75,1.75,5.79,4.08,1.66
E0,2014-11-29,Burnley,Aston Villa,70,74,70,75,69,74,69,74,30,38,26,25,52.55,114.25,1,1,D,0,1,A,11,18,4,7,8,8,1,5,3,4,0,0,2.31,1.09,1.41,0.96,2.28,0.54,10.52,23.09,2.15,3.4,3.75,2.2,3.2,3.25,2.1,3.3,3.3,2.15,3.38,3.85,2.2,3.1,3.5,2.15,3.25,3.9,2.35,3.29,3.44
E0,2014-11-29,Liverpool,Stoke,79,75,78,76,79,75,77,74,35,30,24,27,324.85,110.5,1,0,H,0,0,D,16,13,3,4,11,9,5,5,0,3,0,0,1.71,0.88,0.68,0.55,2.08,0.66,10.3,14.18,1.73,4.0,5.0,1.75,4.0,4.75,1.7,3.6,4.7,1.74,3.91,5.31,1.73,3.5,5.0,1.7,3.9,5.5,1.72,3.94,5.36
E0,2014-11-29,Manchester United,Hull,81,73,85,72,80,74,70,74,43,35,24,27,505.4,117.1,3,0,H,2,0,H,12,4,6,2,12,12,7,0,2,2,0,0,1.77,0.23,1.19,0.2,2.73,0.15,6.04,19.54,1.33,5.75,10.0,1.36,5.25,9.25,1.25,5.5,10.3,1.33,5.65,10.75,1.33,5.0,9.0,1.33,5.5,10.5,1.38,5.35,9.3
E0,2014-11-29,Queens Park Rangers,Leicester,75,71,73,71,75,70,74,70,41,37,26,26,112.25,66.7,3,2,H,2,1,H,32,19,6,5,8,17,11,5,3,2,0,0,2.98,2.1,1.53,1.8,1.97,0.82,8.08,6.03,2.38,3.4,3.25,2.38,3.2,3.0,2.2,3.3,3.1,2.32,3.41,3.38,2.38,3.1,3.2,2.3,3.4,3.4,2.53,3.34,3.08
E0,2014-11-29,Sunderland,Chelsea,74,82,75,83,73,82,74,81,34,38,25,24,91.0,557.25,0,0,D,0,0,D,12,24,3,6,13,10,2,8,3,2,0,0,1.03,0.76,0.15,0.7,1.62,1.05,13.6,5.45,9.0,5.0,1.4,8.0,5.0,1.4,7.3,4.4,1.4,10.2,5.12,1.38,8.0,4.5,1.4,9.5,5.0,1.36,8.9,5.5,1.38
E0,2014-11-29,Swansea,Crystal Palace,75,73,79,71,72,73,73,73,36,42,25,27,130.75,97.25,1,1,D,1,1,D,18,11,4,5,6,12,4,6,0,2,0,0,1.46,1.51,1.34,0.27,1.27,1.44,3.76,19.5,1.8,3.75,5.0,1.83,3.6,4.1,1.75,3.5,4.5,1.81,3.73,5.04,1.83,3.4,4.5,1.8,3.6,5.2,1.9,3.53,4.77
E0,2014-11-29,West Bromwich Albion,Arsenal,74,80,75,80,74,80,72,78,34,42,26,24,95.95,414.75,0,1,A,0,0,D,9,17,1,5,9,10,4,4,2,1,0,0,0.32,1.06,0.29,0.97,0.66,1.99,15.11,11.95,4.5,3.8,1.85,4.2,3.8,1.9,3.8,3.45,1.9,4.68,3.7,1.86,4.5,3.3,1.85,4.6,3.75,1.85,4.97,3.79,1.8
E0,2014-11-29,West Ham,Newcastle United,75,75,76,72,74,74,72,74,36,42,25,23,135.9,140.0,1,0,H,0,0,D,12,7,3,1,9,16,6,2,3,2,0,1,1.1,0.25,0.82,0.22,2.19,0.51,16.0,8.19,2.15,3.5,3.6,2.2,3.3,3.3,2.25,3.3,3.0,2.12,3.54,3.76,2.2,3.1,3.5,2.15,3.5,3.7,2.31,3.41,3.4
E0,2014-11-30,Southampton,Manchester City,76,82,77,83,75,82,75,81,37,34,24,26,210.25,448.25,0,3,A,0,0,D,13,15,4,6,10,13,8,6,1,2,0,1,0.8,2.13,0.49,2.04,0.44,2.38,9.25,10.07,3.2,3.6,2.3,3.2,3.4,2.35,3.1,3.3,2.2,3.08,3.5,2.44,3.2,3.0,2.38,3.1,3.5,2.4,2.93,3.45,2.57
E0,2014-11-30,Tottenham,Everton,79,78,80,79,75,77,76,79,42,40,24,25,304.15,182.85,2,1,H,2,1,H,13,10,6,5,15,5,3,4,5,1,0,0,1.13,0.93,0.68,0.57,1.52,1.16,12.2,13.38,2.25,3.6,3.25,2.35,3.4,3.2,2.3,3.3,2.9,2.24,3.58,3.39,2.38,3.0,3.2,2.3,3.5,3.3,2.25,3.53,3.43
E0,2014-12-02,Burnley,Newcastle United,70,75,70,72,69,74,69,74,30,42,26,23,52.55,140.0,1,1,D,1,0,H,12,11,2,4,12,12,2,5,2,2,0,0,0.68,1.0,0.54,0.92,1.01,1.66,8.86,7.81,2.8,3.3,2.75,2.8,3.1,2.75,2.65,3.3,2.5,2.87,3.29,2.72,2.8,3.0,2.75,2.8,3.2,2.8,2.92,3.33,2.65
E0,2014-12-02,Crystal Palace,Aston Villa,73,74,71,75,73,74,73,74,42,38,27,25,97.25,114.25,0,1,A,0,1,A,17,5,5,3,16,15,8,2,2,2,0,0,0.8,0.19,0.63,0.05,1.92,0.66,6.03,6.61,2.1,3.4,4.0,2.1,3.2,3.6,2.0,3.3,3.6,2.08,3.42,4.05,2.15,3.1,3.8,2.15,3.25,4.0,2.06,3.45,4.06
E0,2014-12-02,Leicester,Liverpool,71,79,71,78,70,79,70,77,37,35,26,24,66.7,324.85,1,3,A,1,1,D,20,11,4,3,11,10,7,4,1,2,1,0,1.24,1.3,0.7,0.73,1.25,1.45,11.33,9.05,3.8,3.6,2.05,3.6,3.5,2.1,3.6,3.3,2.0,3.8,3.58,2.09,3.75,3.1,2.1,3.7,3.6,2.1,4.13,3.6,2.0
E0,2014-12-02,Manchester United,Stoke,81,75,85,76,80,75,70,74,43,30,24,27,505.4,110.5,2,1,H,1,1,D,10,5,3,4,8,13,2,2,2,4,0,0,1.91,1.29,1.36,0.34,1.84,0.87,7.56,21.22,1.45,4.5,8.5,1.44,4.25,7.25,1.4,4.4,7.3,1.44,4.7,8.65,1.5,3.6,8.0,1.45,4.5,8.0,1.61,4.1,6.49
E0,2014-12-02,Swansea,Queens Park Rangers,75,75,79,73,72,75,73,74,36,41,25,26,130.75,112.25,2,0,H,0,0,D,18,5,7,1,8,12,9,2,2,2,0,0,1.54,0.79,1.41,0.68,1.95,0.78,7.75,11.96,1.73,3.8,5.5,1.75,3.5,4.75,1.8,3.5,4.2,1.72,3.96,5.38,1.75,3.4,5.0,1.75,3.75,5.4,1.68,4.11,5.48
E0,2014-12-02,West Bromwich Albion,West Ham,74,75,75,76,74,74,72,72,34,36,26,25,95.95,135.9,1,2,A,1,2,A,23,11,5,6,11,17,7,3,2,1,0,0,1.41,1.24,1.11,0.39,1.45,1.24,9.56,8.23,2.5,3.4,3.0,2.5,3.25,3.0,2.5,3.3,2.65,2.54,3.33,3.06,2.5,3.0,3.0,2.55,3.3,3.0,2.44,3.35,3.21
E0,2014-12-03,Arsenal,Southampton,80,76,80,77,80,75,78,75,42,37,24,24,414.75,210.25,1,0,H,0,0,D,19,6,8,1,7,14,9,4,0,2,0,0,2.37,0.57,2.07,0.57,2.59,0.27,8.25,11.91,1.8,3.75,5.0,1.8,3.7,4.75,1.8,3.5,4.2,1.78,3.86,5.02,1.8,3.4,4.6,1.8,3.75,5.0,1.8,3.73,5.07
E0,2014-12-03,Chelsea,Tottenham,82,79,83,80,82,75,81,76,38,42,24,24,557.25,304.15,3,0,H,2,0,H,12,10,8,2,9,9,1,6,1,1,0,0,1.72,0.29,1.67,0.22,2.48,0.33,12.84,7.92,1.4,5.0,9.0,1.4,4.75,8.5,1.4,4.4,7.3,1.44,4.93,8.02,1.4,4.2,9.0,1.44,4.8,8.0,1.46,4.87,7.6
E0,2014-12-03,Everton,Hull,78,73,79,72,77,74,79,74,40,35,25,27,182.85,117.1,1,1,D,1,0,H,13,8,5,1,8,12,6,4,1,1,0,0,1.28,0.3,1.16,0.23,2.27,0.47,11.29,8.81,1.53,4.33,7.0,1.55,3.8,6.0,1.55,4.0,5.5,1.5,4.41,7.8,1.55,3.6,7.0,1.55,4.0,7.0,1.54,4.42,6.83
E0,2014-12-03,Sunderland,Manchester City,74,82,75,83,73,82,74,81,34,34,25,26,91.0,448.25,1,4,A,1,2,A,8,15,2,4,9,8,2,0,1,1,0,0,0.41,1.04,0.24,1.04,0.76,1.9,13.96,7.59,7.5,4.5,1.5,7.0,4.1,1.53,6.1,4.0,1.5,7.23,4.67,1.5,6.5,3.8,1.53,7.0,4.4,1.5,7.0,4.87,1.49
E0,2014-12-06,Hull,West Bromwich Albion,73,74,73,75,73,72,72,72,35,34,27,26,117.1,95.95,0,0,D,0,0,D,12,6,2,3,10,16,3,2,1,1,0,0,0.59,1.06,0.53,0.16,0.79,1.88,9.47,12.39,2.45,3.3,3.2,2.5,3.1,2.85,2.3,3.2,3.0,2.4,3.29,3.33,2.45,3.1,3.1,2.45,3.25,3.25,2.45,3.25,3.28
E0,2014-12-06,Liverpool,Sunderland,79,74,80,75,78,73,78,74,35,34,24,25,324.85,91.0,0,0,D,0,0,D,15,7,2,1,12,15,5,7,1,3,0,0,0.66,0.27,0.6,0.17,1.71,0.84,6.9,7.96,1.5,4.5,7.5,1.53,4.1,7.0,1.6,3.7,5.4,1.52,4.46,7.25,1.53,4.0,6.0,1.5,4.4,8.0,1.49,4.68,7.45
E0,2014-12-06,Manchester City,Everton,82,78,83,78,83,77,79,79,34,40,26,25,448.25,182.85,1,0,H,1,0,H,19,9,3,2,8,11,11,7,3,3,0,0,2.25,0.39,1.36,0.23,2.7,0.19,10.0,9.43,1.5,4.75,7.0,1.53,4.5,6.0,1.57,3.8,5.5,1.52,4.75,6.68,1.53,4.0,6.0,1.5,4.5,6.5,1.45,5.02,7.6
E0,2014-12-06,Newcastle United,Chelsea,75,82,72,83,75,81,73,81,42,38,23,24,140.0,557.25,2,1,H,0,0,D,9,26,3,8,8,6,1,10,2,3,1,0,1.49,2.16,0.8,2.15,0.93,1.83,15.0,7.1,7.0,4.33,1.53,6.75,4.0,1.55,5.5,3.8,1.57,6.88,4.37,1.55,6.5,4.0,1.55,7.0,4.3,1.53,6.4,4.19,1.6
E0,2014-12-06,Queens Park Rangers,Burnley,75,70,76,70,75,69,74,69,41,30,26,26,112.25,52.55,2,0,H,0,0,D,11,15,6,3,12,12,3,11,1,1,1,0,1.64,1.26,1.5,0.73,1.65,1.08,11.21,6.44,2.05,3.5,4.0,2.1,3.2,3.5,2.1,3.3,3.3,2.08,3.38,4.1,2.1,3.25,3.6,2.05,3.4,4.0,2.0,3.5,4.22
E0,2014-12-06,Stoke,Arsenal,75,80,76,78,74,81,74,78,30,42,27,24,110.5,414.75,3,2,H,3,0,H,13,15,4,6,17,14,3,9,3,2,0,1,2.5,2.02,1.41,0.84,1.75,1.01,10.09,6.21,4.0,3.6,2.0,3.75,3.3,2.0,3.8,3.45,1.9,4.2,3.48,2.02,4.0,3.2,2.0,4.2,3.5,2.0,3.7,3.46,2.16
E0,2014-12-06,Tottenham,Crystal Palace,79,73,80,71,75,73,76,73,42,42,24,27,304.15,97.25,0,0,D,0,0,D,14,16,3,4,11,10,2,12,1,0,0,0,0.96,1.17,0.92,0.96,1.17,1.51,4.46,17.0,1.6,4.2,6.0,1.62,3.75,5.25,1.57,3.8,5.5,1.62,4.19,6.13,1.62,3.6,6.0,1.62,4.2,6.0,1.65,4.04,5.95
E0,2014-12-07,Aston Villa,Leicester,74,71,77,71,74,70,74,70,38,37,25,26,114.25,66.7,2,1,H,1,1,D,16,10,7,4,9,14,5,5,4,4,0,1,1.98,1.01,1.98,0.31,2.06,0.7,6.43,9.34,2.4,3.4,3.2,2.4,3.2,3.2,2.2,3.3,3.1,2.37,3.4,3.28,2.4,3.1,3.1,2.45,3.3,3.2,2.51,3.36,3.08
E0,2014-12-07,West Ham,Swansea,75,75,76,79,74,74,72,72,36,36,25,25,135.9,130.75,3,1,H,1,1,D,15,11,7,2,11,18,7,4,0,1,0,1,2.12,1.0,1.97,0.91,2.16,0.63,7.48,7.52,2.35,3.4,3.25,2.4,3.4,3.0,2.2,3.3,3.1,2.42,3.43,3.17,2.4,3.1,3.1,2.38,3.4,3.25,2.43,3.38,3.18
E0,2014-12-08,Southampton,Manchester United,76,81,77,87,75,80,74,72,37,43,24,24,210.25,505.4,1,2,A,1,1,D,15,3,4,2,12,9,5,1,2,1,0,0,1.83,0.8,0.93,0.5,2.16,0.6,6.71,18.13,2.8,3.4,2.7,2.8,3.25,2.7,2.9,3.3,2.3,2.8,3.45,2.68,2.8,3.25,2.7,2.8,3.4,2.7,2.86,3.47,2.62
E0,2014-12-13,Arsenal,Newcastle United,80,75,79,73,79,74,74,74,42,42,24,23,414.75,140.0,4,1,H,1,0,H,17,10,4,4,14,15,9,6,2,2,0,0,2.39,0.94,1.41,0.29,2.48,0.35,8.28,8.88,1.44,4.75,8.0,1.45,4.33,6.5,1.45,4.0,7.0,1.45,4.95,7.88,1.44,4.0,8.0,1.45,4.8,8.0,1.42,5.4,7.7
E0,2014-12-13,Burnley,Southampton,70,76,70,77,69,75,69,75,30,37,26,24,52.55,210.25,1,0,H,0,0,D,7,15,2,4,15,11,2,5,1,3,0,0,0.4,1.71,0.33,0.89,0.33,2.5,8.03,7.32,5.5,3.75,1.73,4.75,3.5,1.75,4.2,3.5,1.8,5.55,3.8,1.74,5.0,3.4,1.75,5.25,3.6,1.8,4.75,3.67,1.86
E0,2014-12-13,Chelsea,Hull,82,73,83,72,83,73,81,72,38,35,24,27,557.25,117.1,2,0,H,1,0,H,12,8,3,0,13,13,5,4,3,3,0,1,1.22,0.44,1.12,0.28,2.08,0.63,7.53,10.71,1.18,8.0,18.0,1.18,6.25,15.5,1.17,6.5,14.0,1.18,7.92,20.96,1.2,6.0,15.0,1.18,7.5,21.0,1.18,8.0,22.0
E0,2014-12-13,Crystal Palace,Stoke,73,75,71,75,73,74,73,74,42,30,27,27,97.25,110.5,1,1,D,1,1,D,10,7,3,3,12,11,9,8,2,0,0,0,0.5,0.9,0.44,0.14,0.82,1.82,7.42,7.61,2.6,3.25,3.0,2.62,3.25,2.85,2.5,3.2,2.75,2.57,3.29,3.06,2.62,3.0,2.9,2.62,3.2,3.0,2.54,3.23,3.16
E0,2014-12-13,Leicester,Manchester City,71,82,71,83,70,82,70,81,37,34,26,26,66.7,448.25,0,1,A,0,1,A,7,9,1,4,15,13,8,2,0,2,0,0,0.36,1.13,0.15,1.09,0.59,2.09,9.69,8.3,7.0,4.75,1.5,5.5,4.6,1.5,7.0,4.0,1.45,6.77,4.74,1.51,6.0,4.33,1.5,7.0,4.75,1.5,7.1,4.63,1.51
E0,2014-12-13,Sunderland,West Ham,74,75,75,75,73,74,74,72,34,36,25,25,91.0,135.9,1,1,D,1,1,D,13,19,4,8,11,18,6,8,2,2,0,0,1.34,0.87,0.32,0.66,1.79,0.91,8.2,8.96,2.95,3.4,2.55,2.85,3.25,2.62,2.6,3.2,2.6,2.98,3.41,2.55,2.9,3.0,2.62,3.0,3.3,2.62,2.8,3.31,2.78
E0,2014-12-13,West Bromwich Albion,Aston Villa,74,74,75,76,75,74,73,74,34,38,26,25,95.95,114.25,1,0,H,0,0,D,13,7,5,2,17,12,4,2,4,2,0,1,1.44,0.27,0.71,0.23,2.48,0.32,8.24,15.54,2.15,3.4,3.8,2.15,3.25,3.4,2.3,3.2,3.0,2.14,3.37,3.92,2.15,3.1,3.6,2.15,3.3,3.9,2.22,3.24,3.82
E0,2014-12-14,Manchester United,Liverpool,81,79,87,80,81,79,73,78,43,35,24,24,505.4,324.85,3,0,H,2,0,H,11,19,6,9,13,14,2,7,4,3,0,0,1.8,1.87,1.68,1.56,1.35,1.39,5.95,13.39,1.8,3.8,4.75,1.85,3.6,4.5,1.8,3.5,4.2,1.83,3.94,4.55,1.85,3.3,4.5,1.85,3.75,4.6,1.9,3.68,4.5
E0,2014-12-14,Swansea,Tottenham,75,79,79,80,74,76,73,75,36,42,25,24,130.75,304.15,1,2,A,0,1,A,15,10,3,4,7,17,7,9,3,4,0,0,1.68,0.73,1.07,0.35,2.14,0.62,8.91,7.77,2.5,3.4,3.0,2.5,3.25,2.75,2.6,3.2,2.6,2.5,3.47,3.02,2.5,3.0,3.0,2.5,3.4,3.0,2.42,3.56,3.06
E0,2014-12-15,Everton,Queens Park Rangers,78,75,78,71,78,75,77,74,40,41,25,26,182.85,112.25,3,1,H,2,0,H,13,17,5,4,11,12,1,8,1,1,0,0,0.75,0.97,0.65,0.44,1.11,1.55,8.0,10.21,1.45,4.5,8.5,1.45,4.25,6.75,1.5,4.0,6.1,1.47,4.65,7.9,1.44,4.0,8.0,1.45,4.5,8.5,1.43,5.17,7.75
E0,2014-12-20,Aston Villa,Manchester United,74,81,76,79,73,81,74,73,38,43,25,24,114.25,505.4,1,1,D,1,0,H,10,16,4,9,9,10,3,9,1,1,1,0,0.58,1.07,0.4,1.05,0.89,1.78,23.15,10.63,6.25,4.0,1.62,6.0,3.9,1.62,5.4,3.7,1.6,6.25,4.2,1.61,6.0,3.6,1.62,6.5,4.0,1.62,6.23,4.07,1.63
E0,2014-12-20,Hull,Swansea,73,75,71,79,72,74,72,73,35,36,27,25,117.1,130.75,0,1,A,0,1,A,11,13,3,3,14,16,4,5,2,2,0,0,0.83,1.45,0.65,1.36,0.83,1.88,7.85,14.88,3.1,3.3,2.5,2.9,3.25,2.6,2.75,3.2,2.5,3.08,3.33,2.53,2.8,3.1,2.6,3.1,3.25,2.55,2.74,3.17,2.93
E0,2014-12-20,Manchester City,Crystal Palace,82,73,77,73,82,73,81,73,34,42,26,27,448.25,97.25,3,0,H,0,0,D,15,6,3,1,17,5,8,6,2,1,0,0,1.41,0.76,1.32,0.66,1.89,0.82,3.75,19.05,1.29,6.0,12.0,1.3,5.5,11.0,1.3,5.0,9.0,1.31,5.7,12.44,1.3,5.0,11.0,1.3,5.75,12.0,1.32,5.8,11.25
E0,2014-12-20,Queens Park Rangers,West Bromwich Albion,75,74,73,76,76,74,74,73,41,34,26,26,112.25,95.95,3,2,H,1,2,A,17,16,7,6,16,8,5,11,1,0,0,0,2.93,1.3,2.21,1.12,2.5,0.36,8.36,9.24,2.45,3.3,3.2,2.45,3.3,3.0,2.4,3.2,2.85,2.48,3.37,3.13,2.5,3.2,2.8,2.45,3.3,3.2,2.55,3.32,3.08
E0,2014-12-20,Southampton,Everton,76,78,77,79,72,77,75,79,37,40,24,25,210.25,182.85,3,0,H,1,0,H,11,13,3,4,11,10,4,6,1,1,0,0,2.21,0.6,2.2,0.31,2.56,0.3,8.14,16.25,2.45,3.5,3.0,2.5,3.4,2.9,2.3,3.3,2.9,2.47,3.46,3.06,2.5,3.2,2.8,2.45,3.3,3.1,2.36,3.36,3.36
E0,2014-12-20,Tottenham,Burnley,79,70,80,70,76,69,77,70,42,30,24,26,304.15,52.55,2,1,H,2,1,H,23,9,6,5,9,8,9,6,1,0,0,0,1.77,0.66,1.67,0.58,2.26,0.52,7.95,11.73,1.5,4.5,7.5,1.5,4.1,6.25,1.5,4.0,6.1,1.49,4.63,7.52,1.5,4.0,7.0,1.5,4.5,7.5,1.44,4.8,8.5
E0,2014-12-20,West Ham,Leicester,75,71,75,71,74,70,72,70,36,37,25,26,135.9,66.7,2,0,H,1,0,H,10,10,2,4,8,17,9,4,0,3,0,0,1.45,0.66,0.93,0.51,2.08,0.66,9.06,5.73,1.75,3.9,5.0,1.75,3.5,4.75,1.65,3.7,4.9,1.72,4.03,5.2,1.73,3.5,5.0,1.73,3.9,5.4,1.69,3.98,5.63
E0,2014-12-21,Liverpool,Arsenal,79,80,79,79,80,79,78,76,35,42,24,24,324.85,414.75,2,2,D,1,1,D,27,7,10,3,6,14,10,6,0,3,1,0,1.32,0.75,1.02,0.72,1.77,0.93,6.26,12.26,2.8,3.5,2.6,2.75,3.4,2.62,2.65,3.3,2.5,2.78,3.59,2.62,2.8,3.1,2.62,2.8,3.5,2.63,2.81,3.59,2.59
E0,2014-12-21,Newcastle United,Sunderland,75,74,77,74,74,73,74,74,42,34,23,25,140.0,91.0,0,1,A,0,0,D,15,16,7,3,15,15,7,1,4,4,0,0,0.9,2.18,0.79,2.16,0.5,2.32,9.6,7.22,2.05,3.5,4.0,2.1,3.4,3.75,2.0,3.3,3.6,2.1,3.44,3.97,2.1,3.2,3.6,2.1,3.4,4.0,2.19,3.24,3.9
E0,2014-12-22,Stoke,Chelsea,75,83,75,82,74,82,74,81,30,38,27,24,110.5,557.25,0,2,A,0,1,A,13,15,2,6,11,4,6,5,3,0,0,0,0.41,1.45,0.4,1.38,0.53,2.22,11.04,10.84,6.25,4.0,1.62,5.75,3.75,1.67,5.0,3.9,1.6,6.21,4.1,1.62,6.0,3.4,1.67,6.5,4.0,1.62,6.54,4.01,1.62
E0,2014-12-26,Arsenal,Queens Park Rangers,80,75,79,73,79,76,76,74,42,41,24,26,414.75,112.25,2,1,H,1,0,H,15,16,5,2,6,15,6,2,1,4,1,0,2.14,1.22,1.17,0.3,2.1,0.65,12.28,8.69,1.29,6.0,13.0,1.29,5.5,9.25,1.28,5.5,9.0,1.28,6.4,12.51,1.28,5.0,11.0,1.29,6.0,12.0,1.28,6.35,12.5
E0,2014-12-26,Burnley,Liverpool,70,79,70,79,69,80,70,78,30,35,26,24,52.55,324.85,0,1,A,0,0,D,16,10,0,3,7,5,8,2,0,1,0,0,0.61,1.07,0.37,1.04,0.88,1.81,10.32,11.43,4.75,3.8,1.8,4.2,3.5,1.83,4.0,3.45,1.85,4.8,3.97,1.79,4.2,3.75,1.8,4.75,3.75,1.83,5.61,3.97,1.69
E0,2014-12-26,Chelsea,West Ham,83,75,82,75,82,74,81,72,38,36,24,25,557.25,135.9,2,0,H,1,0,H,28,6,9,0,8,14,8,6,0,3,0,0,3.57,0.46,3.38,0.42,2.95,0.03,8.23,16.53,1.33,5.75,10.0,1.33,5.0,8.75,1.33,5.0,8.0,1.35,5.56,10.33,1.33,5.0,9.0,1.33,5.5,11.0,1.33,5.67,11.05
E0,2014-12-26,Crystal Palace,Southampton,73,76,73,77,73,72,73,75,42,37,27,24,97.25,210.25,1,3,A,0,1,A,11,13,4,6,15,10,8,4,1,0,0,0,0.38,1.3,0.23,1.19,0.55,2.19,11.54,12.25,3.75,3.4,2.15,3.3,3.2,2.2,3.2,3.2,2.2,3.66,3.4,2.21,3.5,3.1,2.2,3.9,3.3,2.15,3.77,3.41,2.17
E0,2014-12-26,Everton,Stoke,78,75,79,75,77,74,79,74,40,30,25,27,182.85,110.5,0,1,A,0,1,A,16,12,5,2,9,15,9,3,2,3,0,0,1.01,1.4,0.84,0.53,0.98,1.73,5.52,14.79,1.83,3.6,5.0,1.83,3.4,4.33,1.75,3.5,4.5,1.83,3.65,5.03,1.8,3.5,4.5,1.83,3.6,5.0,1.88,3.71,4.54
E0,2014-12-26,Leicester,Tottenham,71,79,71,80,70,76,70,77,37,42,26,24,66.7,304.15,1,2,A,0,1,A,22,8,6,3,10,14,11,1,1,2,0,0,1.47,1.36,1.18,1.32,1.43,1.29,10.2,9.21,3.8,3.6,2.05,3.5,3.4,2.05,3.7,3.35,1.95,3.75,3.55,2.12,3.75,3.1,2.1,3.7,3.5,2.1,3.42,3.61,2.23
E0,2014-12-26,Manchester United,Newcastle United,81,75,79,77,81,74,73,74,43,42,24,23,505.4,140.0,3,1,H,2,0,H,9,8,4,4,16,9,4,5,1,2,0,0,1.86,1.03,1.77,0.13,2.08,0.66,7.67,16.95,1.4,5.0,9.0,1.4,4.5,7.5,1.35,4.8,7.6,1.38,5.28,9.25,1.4,4.33,8.0,1.36,5.0,9.5,1.38,5.4,9.45
E0,2014-12-26,Sunderland,Hull,74,73,74,71,73,72,74,72,34,35,25,27,91.0,117.1,1,3,A,1,1,D,12,13,3,5,12,6,10,4,4,2,0,0,1.36,0.86,0.4,0.78,1.8,0.91,9.25,13.4,2.05,3.4,4.2,2.05,3.2,3.75,2.0,3.3,3.6,2.06,3.37,4.22,2.05,3.2,3.75,2.05,3.3,4.3,2.01,3.3,4.58
E0,2014-12-26,Swansea,Aston Villa,75,74,79,76,74,73,73,74,36,38,25,25,130.75,114.25,1,0,H,1,0,H,7,11,2,3,17,12,4,0,1,4,0,0,0.6,1.42,0.53,1.22,0.69,2.04,13.43,14.63,1.75,3.75,5.25,1.78,3.4,4.75,1.75,3.5,4.5,1.77,3.74,5.32,1.73,3.5,5.0,1.73,3.75,5.5,1.72,4.09,5.15
E0,2014-12-26,West Bromwich Albion,Manchester City,74,82,76,77,74,82,73,81,34,34,26,26,95.95,448.25,1,3,A,0,3,A,18,9,6,5,5,9,10,6,0,1,0,0,2.64,2.1,2.27,1.1,1.75,1.02,9.8,10.27,6.5,4.5,1.53,5.5,4.2,1.53,7.0,4.0,1.45,6.65,4.45,1.55,7.0,4.0,1.5,7.0,4.3,1.53,6.16,4.31,1.6
E0,2014-12-28,Aston Villa,Sunderland,74,74,75,76,74,73,73,72,38,34,25,25,114.25,91.0,0,0,D,0,0,D,14,15,3,3,4,11,4,4,1,4,1,0,0.65,0.85,0.64,0.84,1.14,1.5,18.0,13.1,2.35,3.3,3.4,2.35,3.1,3.1,2.3,3.1,3.1,2.33,3.26,3.5,2.4,3.1,3.1,2.38,3.25,3.4,2.18,3.27,3.91
E0,2014-12-28,Hull,Leicester,73,71,71,73,73,70,71,70,35,37,27,26,117.1,66.7,0,1,A,0,1,A,18,4,5,2,12,12,7,1,0,1,1,1,1.72,0.18,1.21,0.18,2.6,0.24,8.14,11.04,2.25,3.4,3.5,2.25,3.25,3.1,2.2,3.2,3.2,2.28,3.38,3.5,2.25,3.2,3.3,2.3,3.3,3.5,2.58,3.21,3.11
E0,2014-12-28,Manchester City,Burnley,82,70,81,70,83,69,81,70,34,30,26,26,448.25,52.55,2,2,D,2,0,H,17,12,6,3,18,9,10,3,4,1,0,0,1.39,0.96,1.25,0.88,1.67,1.02,7.33,15.47,1.18,8.0,19.0,1.18,6.5,15.5,1.17,6.5,14.0,1.16,8.55,22.5,1.17,6.5,19.0,1.15,8.5,21.0,1.21,7.3,17.5
E0,2014-12-28,Newcastle United,Everton,75,78,69,79,74,78,72,77,42,40,23,25,140.0,182.85,3,2,H,1,1,D,13,9,6,2,13,8,8,3,2,2,0,0,1.71,1.07,1.27,1.01,1.87,0.87,7.16,18.71,2.9,3.4,2.6,2.8,3.3,2.6,2.75,3.3,2.4,2.98,3.42,2.55,2.8,3.1,2.62,3.0,3.4,2.5,2.57,3.44,2.9
E0,2014-12-28,Queens Park Rangers,Crystal Palace,75,73,75,73,75,73,75,73,41,42,26,27,112.25,97.25,0,0,D,0,0,D,11,10,3,3,11,17,9,4,2,1,0,0,0.41,0.33,0.26,0.31,1.32,1.13,4.67,8.05,2.38,3.4,3.25,2.4,3.3,2.85,2.3,3.3,2.9,2.47,3.34,3.15,2.4,3.1,3.1,2.45,3.3,3.2,2.6,3.27,3.02
E0,2014-12-28,Southampton,Chelsea,76,83,76,83,76,82,72,81,37,38,24,24,210.25,557.25,1,1,D,1,1,D,9,7,1,1,23,14,4,6,2,2,1,0,0.53,0.52,0.48,0.38,1.32,1.24,11.96,10.45,4.75,3.75,1.83,4.6,3.6,1.83,4.5,3.5,1.75,4.83,3.65,1.85,4.5,3.3,1.85,5.0,3.6,1.83,4.62,3.54,1.92
E0,2014-12-28,Stoke,West Bromwich Albion,75,74,76,73,75,74,74,73,30,34,27,26,110.5,95.95,2,0,H,0,0,D,13,15,3,4,11,14,5,3,0,2,0,0,1.25,1.36,1.19,0.48,1.2,1.45,6.96,6.48,1.91,3.6,4.5,1.91,3.6,3.7,1.9,3.45,3.8,1.9,3.51,4.78,1.91,3.1,4.5,1.93,3.5,4.5,2.04,3.35,4.32
E0,2014-12-28,Tottenham,Manchester United,79,81,78,87,76,81,77,71,42,43,24,24,304.15,505.4,0,0,D,0,0,D,9,9,4,5,11,19,3,6,2,4,0,0,0.89,2.26,0.82,2.12,0.37,2.44,7.44,4.93,3.25,3.6,2.3,3.1,3.5,2.3,3.1,3.2,2.25,3.25,3.62,2.29,3.3,3.2,2.25,3.25,3.5,2.3,3.08,3.52,2.43
E0,2014-12-28,West Ham,Arsenal,75,80,75,80,73,80,72,78,36,42,25,24,135.9,414.75,1,2,A,0,2,A,14,21,4,7,12,13,7,8,3,3,0,0,1.11,3.36,1.01,2.27,0.23,2.67,5.08,10.56,3.5,3.5,2.2,3.1,3.4,2.2,3.3,3.3,2.1,3.53,3.64,2.17,3.3,3.3,2.2,3.5,3.6,2.15,3.98,3.65,2.02
E0,2014-12-29,Liverpool,Swansea,79,75,79,78,78,73,76,74,35,36,24,25,324.85,130.75,4,1,H,1,0,H,21,11,11,4,8,5,6,3,1,0,0,0,3.28,1.0,2.52,0.37,2.72,0.19,23.88,15.39,1.7,4.0,5.5,1.7,4.0,5.0,1.67,3.55,5.0,1.71,3.91,5.55,1.73,3.5,5.0,1.7,4.0,5.5,1.72,3.84,5.55
E0,2015-01-01,Aston Villa,Crystal Palace,74,73,75,73,74,73,73,73,38,42,25,27,114.25,97.25,0,0,D,0,0,D,14,6,3,0,11,12,5,2,1,1,0,0,1.39,0.58,0.73,0.56,2.06,0.65,4.96,15.54,2.4,3.3,3.3,2.4,3.2,2.9,2.4,3.1,2.95,2.43,3.24,3.33,2.4,3.1,3.1,2.4,3.2,3.4,2.32,3.23,3.58
E0,2015-01-01,Hull,Everton,73,78,71,79,73,78,71,77,35,40,27,25,117.1,182.85,2,0,H,2,0,H,14,9,5,3,16,15,4,8,2,3,0,1,1.96,0.96,1.13,0.78,2.11,0.67,7.69,6.45,3.4,3.4,2.3,3.0,3.3,2.3,2.9,3.3,2.3,3.44,3.39,2.3,3.2,3.2,2.3,3.5,3.3,2.3,3.15,3.35,2.48
E0,2015-01-01,Liverpool,Leicester,79,71,79,73,78,70,76,70,35,37,24,26,324.85,66.7,2,2,D,2,0,H,18,16,6,3,13,10,4,5,2,2,0,0,2.39,1.09,0.73,0.73,2.34,0.48,6.95,14.3,1.4,5.0,9.0,1.4,5.0,7.75,1.4,4.4,7.3,1.42,5.04,8.38,1.4,4.5,8.0,1.4,5.0,8.5,1.41,5.0,9.05
E0,2015-01-01,Manchester City,Sunderland,82,74,81,76,83,73,81,72,34,34,26,25,448.25,91.0,3,2,H,0,0,D,32,4,12,4,14,7,10,4,2,3,0,0,3.63,0.98,3.21,0.15,2.79,0.14,6.61,23.73,1.22,7.0,15.0,1.25,6.0,10.0,1.25,5.5,10.3,1.25,6.87,13.85,1.25,5.0,15.0,1.25,6.5,15.0,1.24,7.05,13.8
E0,2015-01-01,Newcastle United,Burnley,75,70,69,70,74,69,72,70,42,30,23,26,140.0,52.55,3,3,D,2,1,H,10,15,4,4,12,13,5,5,2,4,0,0,1.25,1.66,1.3,1.0,1.03,1.69,12.61,6.61,1.83,3.75,4.75,1.8,3.5,4.33,1.8,3.5,4.2,1.83,3.74,4.88,1.73,3.8,4.5,1.83,3.75,4.8,1.93,3.53,4.58
E0,2015-01-01,Queens Park Rangers,Swansea,75,75,75,78,75,73,75,74,41,36,26,25,112.25,130.75,1,1,D,1,0,H,24,25,6,6,22,5,4,9,4,0,0,1,3.16,1.7,2.54,1.04,2.31,0.53,7.92,10.33,3.0,3.4,2.5,2.75,3.2,2.55,2.65,3.3,2.5,3.02,3.44,2.51,3.0,3.0,2.5,3.0,3.3,2.55,3.13,3.46,2.42
E0,2015-01-01,Southampton,Arsenal,76,80,76,80,76,80,72,78,37,42,24,24,210.25,414.75,2,0,H,1,0,H,13,11,6,6,14,7,2,7,2,1,0,0,2.41,0.85,1.61,0.64,2.46,0.37,10.4,13.22,2.9,3.4,2.6,2.8,3.3,2.6,2.75,3.2,2.5,2.91,3.42,2.6,3.0,3.0,2.5,3.0,3.3,2.55,2.64,3.45,2.84
E0,2015-01-01,Stoke,Manchester United,75,81,76,87,75,81,74,71,30,43,27,24,110.5,505.4,1,1,D,1,1,D,11,6,2,2,8,12,11,7,0,0,0,0,1.41,0.93,1.29,0.89,1.75,0.94,17.56,4.39,4.2,3.5,2.0,4.0,3.4,2.0,3.7,3.35,1.95,4.12,3.5,2.03,4.0,3.3,1.95,4.0,3.5,2.05,4.45,3.55,1.94
E0,2015-01-01,Tottenham,Chelsea,79,83,78,83,76,82,77,81,42,38,24,24,304.15,557.25,5,3,H,3,1,H,11,19,8,7,14,10,5,3,3,1,0,0,1.82,3.03,0.73,3.11,0.55,2.24,9.17,8.96,5.0,3.75,1.8,4.25,3.6,1.8,4.0,3.45,1.85,4.86,3.92,1.79,5.0,3.25,1.8,5.0,3.75,1.8,6.0,4.04,1.65
E0,2015-01-01,West Ham,West Bromwich Albion,75,74,75,73,73,74,72,73,36,34,25,26,135.9,95.95,1,1,D,1,1,D,8,14,3,3,6,13,0,1,1,0,0,0,1.14,1.12,1.07,1.06,1.37,1.31,30.33,11.63,1.85,3.75,4.5,1.8,3.6,4.2,1.85,3.45,4.0,1.88,3.71,4.56,1.85,3.3,4.5,1.85,3.7,4.6,1.86,3.77,4.6
E0,2015-01-10,Burnley,Queens Park Rangers,70,75,71,74,70,74,70,73,30,41,26,26,52.55,112.25,2,1,H,2,1,H,18,17,7,7,14,9,10,6,2,2,0,0,2.19,1.7,2.16,0.86,1.68,1.07,6.3,11.5,2.2,3.4,3.6,2.2,3.25,3.25,2.2,3.2,3.2,2.16,3.47,3.7,2.2,3.3,3.3,2.2,3.4,3.6,2.1,3.55,3.79
E0,2015-01-10,Chelsea,Newcastle United,83,75,83,74,82,74,81,74,38,42,24,23,557.25,140.0,2,0,H,1,0,H,9,11,5,5,13,13,7,4,2,3,0,0,1.08,0.39,0.96,0.25,1.98,0.69,5.85,13.2,1.2,7.5,17.0,1.2,6.0,14.5,1.22,5.5,12.0,1.2,7.5,17.8,1.22,5.5,15.0,1.2,7.5,18.0,1.21,7.6,15.5
E0,2015-01-10,Crystal Palace,Tottenham,73,79,70,78,73,77,73,77,42,42,27,24,97.25,304.15,2,1,H,0,0,D,21,9,7,5,9,14,4,6,5,3,0,0,2.86,0.92,1.9,0.28,2.63,0.25,9.5,7.48,3.5,3.5,2.2,3.4,3.3,2.3,3.3,3.3,2.1,3.69,3.42,2.19,3.3,3.3,2.2,3.6,3.4,2.2,3.44,3.48,2.25
E0,2015-01-10,Everton,Manchester City,79,82,79,84,77,82,78,81,40,34,25,26,182.85,448.25,1,1,D,0,0,D,11,18,4,2,9,10,4,9,1,2,0,0,0.95,1.51,0.78,0.82,0.89,1.83,11.45,8.18,4.5,3.75,1.85,4.0,3.4,1.9,3.8,3.45,1.9,4.52,3.81,1.86,4.33,3.3,1.91,4.2,3.75,1.92,4.45,4.02,1.83
E0,2015-01-10,Leicester,Aston Villa,71,74,71,75,69,74,70,74,37,38,26,25,66.7,114.25,1,0,H,1,0,H,11,12,3,1,18,6,6,6,1,1,1,1,2.37,0.61,1.26,0.4,2.61,0.26,6.91,6.32,2.2,3.4,3.6,2.2,3.2,3.3,2.3,3.3,2.9,2.18,3.29,3.89,2.2,3.1,3.5,2.2,3.25,3.8,2.22,3.36,3.7
E0,2015-01-10,Sunderland,Liverpool,74,79,76,79,73,79,73,77,34,35,25,24,91.0,324.85,0,1,A,0,1,A,5,21,1,4,12,11,6,6,1,4,1,0,0.25,2.16,0.18,1.91,0.18,2.7,15.58,11.63,4.5,3.6,1.91,3.8,3.5,1.91,4.0,3.45,1.85,4.58,3.59,1.91,4.33,3.2,1.95,4.4,3.5,1.95,3.91,3.38,2.12
E0,2015-01-10,Swansea,West Ham,75,74,78,76,73,74,74,72,36,36,25,25,130.75,135.9,1,1,D,0,1,A,19,11,3,5,9,7,4,5,0,1,0,0,1.55,0.73,0.98,0.5,2.04,0.7,11.11,16.09,2.25,3.5,3.4,2.25,3.2,3.2,2.2,3.2,3.2,2.24,3.42,3.55,2.3,3.2,3.2,2.25,3.4,3.5,2.18,3.54,3.58
E0,2015-01-10,West Bromwich Albion,Hull,74,73,75,72,71,73,73,71,34,35,26,27,95.95,117.1,1,0,H,0,0,D,9,12,3,2,5,13,5,2,1,0,0,0,0.78,0.4,0.78,0.32,1.73,0.88,20.46,13.68,2.05,3.4,4.2,2.05,3.4,3.5,2.0,3.3,3.6,2.04,3.32,4.4,2.05,3.1,4.0,2.05,3.4,4.1,2.01,3.28,4.57
E0,2015-01-11,Arsenal,Stoke,80,75,79,75,80,75,80,74,42,30,24,27,414.75,110.5,3,0,H,2,0,H,14,7,6,2,11,11,9,1,0,3,0,0,2.27,0.4,2.14,0.36,2.65,0.22,9.56,8.52,1.44,4.75,8.0,1.48,4.5,7.5,1.45,4.0,7.0,1.47,4.58,8.17,1.44,4.2,8.0,1.5,4.5,8.0,1.5,4.55,7.45
E0,2015-01-11,Manchester United,Southampton,81,76,87,76,80,76,76,76,43,37,24,24,505.4,210.25,0,1,A,0,0,D,10,9,0,1,9,10,3,5,2,3,0,0,1.19,1.16,0.87,1.05,1.39,1.3,9.6,20.0,1.83,3.75,4.75,1.87,3.8,4.25,1.7,3.6,4.7,1.85,3.7,4.8,1.85,3.4,4.5,1.83,3.7,4.8,1.84,3.64,4.95
E0,2015-01-17,Aston Villa,Liverpool,74,79,74,80,74,80,73,75,38,35,25,24,114.25,324.85,0,2,A,0,1,A,15,12,4,5,13,11,9,5,1,1,0,0,0.85,1.54,0.77,1.54,0.78,1.97,11.0,7.46,4.5,3.6,1.91,4.0,3.4,1.91,3.8,3.45,1.9,4.88,3.55,1.88,4.33,3.3,1.91,4.75,3.4,1.91,4.5,3.7,1.89
E0,2015-01-17,Burnley,Crystal Palace,70,73,71,70,69,73,70,73,30,42,26,27,52.55,97.25,2,3,A,2,1,H,7,11,4,4,10,20,5,7,1,3,0,0,1.08,0.53,1.08,0.27,1.86,0.82,6.18,7.39,2.55,3.25,3.1,2.55,3.25,2.9,2.4,3.2,2.85,2.57,3.22,3.13,2.5,3.2,2.9,2.55,3.2,3.12,2.47,3.19,3.32
E0,2015-01-17,Leicester,Stoke,71,75,72,76,71,76,70,74,37,30,26,27,66.7,110.5,0,1,A,0,0,D,7,13,3,3,9,6,6,5,1,0,0,0,0.38,0.72,0.32,0.57,0.95,1.62,8.37,11.75,2.63,3.3,2.9,2.62,3.25,2.65,2.5,3.2,2.75,2.61,3.27,3.02,2.62,3.1,2.8,2.62,3.2,3.0,2.54,3.36,3.04
E0,2015-01-17,Newcastle United,Southampton,75,76,75,76,76,74,74,75,42,37,23,24,140.0,210.25,1,2,A,1,1,D,16,5,3,3,9,8,9,0,0,2,0,0,0.86,0.43,0.76,0.43,1.72,0.88,7.65,12.79,3.3,3.3,2.38,2.9,3.25,2.4,3.2,3.2,2.2,3.32,3.36,2.38,3.1,3.1,2.4,3.3,3.3,2.4,2.87,3.24,2.74
E0,2015-01-17,Queens Park Rangers,Manchester United,75,81,75,79,74,80,73,75,41,43,26,24,112.25,505.4,0,2,A,0,0,D,18,12,4,7,12,10,3,3,3,2,0,0,0.93,1.56,0.77,1.09,0.86,1.88,10.48,5.73,6.0,4.2,1.62,4.75,4.0,1.65,5.0,3.9,1.6,6.29,4.13,1.62,5.5,3.6,1.67,6.0,4.2,1.62,5.83,4.42,1.61
E0,2015-01-17,Swansea,Chelsea,74,83,76,83,73,82,74,80,36,38,25,24,130.75,557.25,0,5,A,0,4,A,11,21,0,11,9,13,1,2,0,0,0,0,0.21,3.2,0.11,2.62,0.03,2.95,10.57,11.37,7.0,4.2,1.55,6.0,3.9,1.55,5.6,3.9,1.55,7.17,4.15,1.56,7.0,3.6,1.57,7.0,4.1,1.57,6.93,4.38,1.54
E0,2015-01-17,Tottenham,Sunderland,79,74,78,76,78,74,77,73,42,34,24,25,304.15,91.0,2,1,H,1,1,D,25,8,8,4,14,8,6,6,1,2,0,0,0.93,1.2,0.5,0.77,1.05,1.65,5.66,13.83,1.62,4.2,6.0,1.62,3.9,5.0,1.55,3.9,5.6,1.59,4.26,6.4,1.62,3.6,6.0,1.6,4.2,6.25,1.57,4.35,6.5
E0,2015-01-18,Manchester City,Arsenal,82,80,83,80,82,79,81,75,34,42,26,24,448.25,414.75,0,2,A,0,1,A,12,9,4,3,12,5,16,3,3,3,0,0,0.56,1.49,0.48,0.73,0.53,2.24,3.71,11.0,1.8,4.0,4.5,1.8,3.7,4.1,1.8,3.5,4.2,1.8,4.06,4.57,1.83,3.8,4.0,1.8,4.0,4.5,1.8,4.17,4.45
E0,2015-01-18,West Ham,Hull,74,73,76,71,74,73,72,70,36,35,25,27,135.9,117.1,3,0,H,0,0,D,17,9,6,3,5,14,4,7,1,3,0,0,2.69,0.42,1.76,0.4,2.78,0.14,9.29,11.78,1.75,3.75,5.25,1.75,3.5,4.75,1.75,3.5,4.5,1.79,3.62,5.4,1.75,3.5,5.0,1.75,3.7,5.5,1.77,3.7,5.4
E0,2015-01-19,Everton,West Bromwich Albion,78,74,80,74,77,74,78,73,40,34,25,26,182.85,95.95,0,0,D,0,0,D,17,5,4,0,11,12,8,1,3,2,0,0,1.49,0.2,0.6,0.19,2.57,0.25,7.5,19.13,1.85,3.6,4.75,1.85,3.4,4.2,1.8,3.5,4.2,1.85,3.67,4.84,1.85,3.4,4.5,1.85,3.6,4.8,1.9,3.59,4.64
E0,2015-01-31,Chelsea,Manchester City,83,82,83,83,83,82,81,81,38,34,24,26,557.25,448.25,1,1,D,1,1,D,3,10,2,5,12,14,1,4,0,2,0,0,0.71,0.91,0.71,0.86,1.1,1.49,11.13,6.11,2.15,3.5,3.6,2.15,3.4,3.5,1.9,3.45,3.8,2.16,3.52,3.66,2.15,3.2,3.6,2.2,3.4,3.6,2.12,3.47,3.84
E0,2015-01-31,Crystal Palace,Everton,73,78,69,80,72,77,73,78,42,40,27,25,97.25,182.85,0,1,A,0,1,A,13,14,3,2,12,14,6,1,0,3,0,0,1.21,1.36,0.35,0.47,1.19,1.46,7.64,8.36,2.8,3.3,2.75,2.8,3.1,2.75,2.6,3.2,2.6,2.8,3.24,2.82,2.7,3.1,2.7,2.8,3.2,2.8,2.55,3.3,3.07
E0,2015-01-31,Hull,Newcastle United,73,75,72,75,73,76,71,74,35,42,27,23,117.1,140.0,0,3,A,0,1,A,13,12,8,5,15,13,3,3,4,1,0,0,0.99,0.51,0.93,0.43,1.8,0.86,7.15,10.13,2.7,3.25,2.88,2.7,3.2,2.8,2.5,3.2,2.75,2.65,3.23,3.0,2.7,3.1,2.7,2.7,3.12,3.0,2.6,3.24,3.06
E0,2015-01-31,Liverpool,West Ham,79,74,80,77,78,74,74,72,35,36,24,25,324.85,135.9,2,0,H,0,0,D,21,7,7,2,12,12,5,7,1,1,0,0,2.28,0.38,1.15,0.23,2.65,0.23,5.0,9.87,1.67,4.0,5.75,1.7,3.8,4.5,1.6,3.7,5.4,1.65,4.2,5.67,1.7,3.4,5.5,1.67,4.1,5.5,1.65,4.25,5.63
E0,2015-01-31,Manchester United,Leicester,81,72,86,72,79,70,74,70,43,37,24,26,505.4,66.7,3,1,H,3,0,H,12,4,5,1,8,12,4,3,0,1,0,0,1.74,0.38,1.05,0.34,2.52,0.31,4.67,15.41,1.36,5.5,9.5,1.36,5.0,7.5,1.3,5.0,9.0,1.36,5.28,10.15,1.36,4.5,10.0,1.36,5.25,10.0,1.38,5.2,9.45
E0,2015-01-31,Stoke,Queens Park Rangers,75,75,74,74,76,74,74,73,30,41,27,26,110.5,112.25,3,1,H,2,1,H,15,14,3,4,11,12,3,5,2,2,0,0,0.78,1.12,0.58,0.69,0.99,1.68,7.5,11.29,1.65,4.0,6.0,1.7,3.8,4.5,1.65,3.6,5.1,1.65,4.01,6.09,1.7,3.4,5.5,1.62,4.0,6.5,1.79,3.7,5.18
E0,2015-01-31,Sunderland,Burnley,74,70,78,71,74,69,73,70,34,30,25,26,91.0,52.55,2,0,H,2,0,H,8,13,3,4,12,12,6,3,3,1,0,0,1.9,1.35,1.84,1.35,1.88,0.86,12.82,6.28,2.25,3.3,3.6,2.25,3.2,3.2,2.1,3.2,3.4,2.25,3.32,3.64,2.25,3.1,3.4,2.25,3.3,3.6,2.36,3.23,3.5
E0,2015-01-31,West Bromwich Albion,Tottenham,74,79,73,79,73,78,73,76,34,42,26,24,95.95,304.15,0,3,A,0,2,A,13,14,4,4,8,13,6,3,2,1,0,0,0.81,1.34,0.75,0.34,0.83,1.88,18.43,6.24,2.9,3.3,2.63,2.75,3.1,2.62,2.75,3.2,2.5,2.88,3.26,2.73,2.8,3.1,2.62,2.9,3.25,2.7,3.09,3.29,2.55
E0,2015-02-01,Arsenal,Aston Villa,80,74,82,75,78,74,76,74,42,38,24,25,414.75,114.25,5,0,H,1,0,H,13,9,8,2,6,10,7,7,0,2,0,0,2.36,0.71,1.48,0.63,2.55,0.31,19.28,13.6,1.25,6.5,15.0,1.28,6.0,11.0,1.27,5.2,10.0,1.27,6.21,14.32,1.29,5.0,12.0,1.29,5.75,13.0,1.29,6.05,12.45
E0,2015-02-01,Southampton,Swansea,76,74,77,77,74,72,76,74,37,36,24,25,210.25,130.75,0,1,A,0,0,D,15,6,6,1,11,9,9,0,1,1,1,0,1.63,0.26,1.0,0.17,2.49,0.32,11.09,35.1,1.6,4.0,6.5,1.62,3.9,6.0,1.65,3.6,5.1,1.62,3.99,6.62,1.62,3.6,6.0,1.6,3.9,7.0,1.67,3.95,5.95
E0,2015-02-07,Aston Villa,Chelsea,74,83,73,82,74,83,74,80,38,38,25,24,114.25,557.25,1,2,A,0,1,A,8,12,1,5,8,7,7,7,3,2,0,0,0.71,1.12,0.71,0.97,0.95,1.72,17.88,20.13,10.0,5.25,1.36,9.0,4.4,1.36,7.6,4.8,1.35,10.8,4.92,1.38,9.5,4.5,1.36,10.5,4.6,1.4,8.3,4.7,1.45
E0,2015-02-07,Everton,Liverpool,78,79,80,81,77,80,79,77,40,35,25,24,182.85,324.85,0,0,D,0,0,D,6,17,1,6,11,7,3,6,4,1,0,0,0.23,1.04,0.16,0.78,0.58,2.08,13.23,17.0,3.4,3.4,2.3,3.2,3.4,2.3,3.1,3.3,2.2,3.36,3.47,2.3,3.3,3.1,2.3,3.4,3.4,2.3,3.51,3.3,2.31
E0,2015-02-07,Leicester,Crystal Palace,72,73,72,71,70,72,70,73,37,42,26,27,66.7,97.25,0,1,A,0,0,D,19,14,5,2,15,6,8,6,4,1,0,0,0.78,1.01,0.49,0.73,1.14,1.53,6.86,13.29,2.4,3.3,3.25,2.4,3.25,2.9,2.3,3.3,2.9,2.42,3.29,3.3,2.4,3.1,3.1,2.45,3.25,3.25,2.37,3.31,3.36
E0,2015-02-07,Manchester City,Hull,82,73,83,71,81,72,81,72,34,35,26,27,448.25,117.1,1,1,D,0,1,A,18,7,5,3,9,8,13,1,2,4,0,0,0.99,1.13,0.75,0.52,1.18,1.52,6.15,28.25,1.18,8.0,19.0,1.19,6.5,13.5,1.2,5.8,13.0,1.19,8.0,18.0,1.2,6.0,17.0,1.2,7.5,19.0,1.22,7.2,17.0
E0,2015-02-07,Queens Park Rangers,Southampton,75,76,74,76,74,76,73,72,41,37,26,24,112.25,210.25,0,1,A,0,0,D,12,16,3,5,13,16,3,4,2,2,0,0,1.03,0.96,0.94,0.79,1.39,1.28,9.64,6.44,4.75,3.6,1.85,4.2,3.4,1.85,4.0,3.45,1.85,4.62,3.63,1.89,4.5,3.4,1.85,4.75,3.6,1.87,4.43,3.7,1.91
E0,2015-02-07,Swansea,Sunderland,75,74,76,78,74,74,74,73,36,34,25,25,130.75,91.0,1,1,D,0,1,A,16,4,7,1,11,13,7,1,3,4,0,0,1.86,0.14,1.63,0.14,2.72,0.16,6.36,21.57,1.91,3.5,4.6,1.9,3.4,4.0,1.9,3.45,3.8,1.91,3.48,4.78,1.91,3.1,4.5,1.92,3.4,4.75,1.97,3.52,4.36
E0,2015-02-07,Tottenham,Arsenal,79,80,78,82,78,78,77,76,42,42,24,24,304.15,414.75,2,1,H,0,1,A,23,7,8,3,8,12,10,3,3,5,0,0,1.28,0.83,0.75,0.79,1.71,0.98,5.52,12.61,3.25,3.5,2.3,3.1,3.2,2.3,3.1,3.3,2.2,3.2,3.64,2.31,3.3,3.1,2.3,3.25,3.5,2.3,3.44,3.46,2.27
E0,2015-02-08,Burnley,West Bromwich Albion,70,74,71,73,69,73,70,72,30,34,26,26,52.55,95.95,2,2,D,2,1,H,12,12,5,5,10,15,5,6,0,4,0,0,1.1,2.55,0.93,1.92,0.47,2.36,9.78,13.43,2.6,3.25,3.0,2.6,3.2,2.7,2.5,3.3,2.65,2.6,3.28,3.02,2.62,3.1,2.8,2.62,3.2,3.0,2.53,3.14,3.25
E0,2015-02-08,Newcastle United,Stoke,75,75,75,76,74,75,74,73,42,30,23,27,140.0,110.5,1,1,D,0,0,D,9,7,3,3,14,17,5,8,2,4,0,0,0.79,0.22,0.79,0.21,1.91,0.69,13.5,4.27,2.3,3.4,3.4,2.3,3.2,3.1,2.3,3.3,2.9,2.28,3.34,3.54,2.3,3.2,3.2,2.3,3.3,3.5,2.26,3.38,3.54
E0,2015-02-08,West Ham,Manchester United,74,81,74,86,74,80,73,74,36,43,25,24,135.9,505.4,1,1,D,0,0,D,13,18,6,6,7,13,9,9,2,2,0,1,0.87,1.21,0.66,0.92,1.05,1.64,10.5,5.86,4.2,3.6,1.95,3.75,3.25,2.0,3.8,3.45,1.9,4.1,3.72,1.97,4.0,3.2,2.0,3.7,3.7,2.0,4.3,3.71,1.93
E0,2015-02-10,Arsenal,Leicester,80,72,82,72,78,70,76,70,42,37,24,26,414.75,66.7,2,1,H,2,0,H,17,11,7,4,13,14,6,6,2,2,0,0,1.77,0.8,1.22,0.59,2.11,0.65,8.63,7.72,1.29,6.0,12.0,1.29,5.5,11.5,1.3,5.0,9.0,1.29,6.14,12.21,1.29,5.0,11.0,1.29,5.75,12.0,1.3,5.95,11.75
E0,2015-02-10,Hull,Aston Villa,73,74,71,73,72,74,72,74,35,38,27,25,117.1,114.25,2,0,H,1,0,H,10,11,4,4,16,11,3,7,1,2,0,0,0.99,0.42,0.45,0.22,1.89,0.76,10.08,7.28,2.38,3.1,3.5,2.3,3.2,3.4,2.3,3.1,3.1,2.34,3.16,3.63,2.3,3.0,3.4,2.3,3.1,3.75,2.19,3.21,3.97
E0,2015-02-10,Liverpool,Tottenham,79,79,81,78,80,78,77,77,35,42,24,24,324.85,304.15,3,2,H,1,1,D,16,14,7,5,13,17,5,7,3,6,0,0,2.76,1.71,1.31,1.56,2.17,0.61,8.46,6.56,1.91,3.8,4.2,1.91,3.75,4.0,1.9,3.45,3.8,1.92,3.84,4.19,1.91,3.3,4.2,1.93,3.8,4.1,1.9,3.77,4.36
E0,2015-02-10,Sunderland,Queens Park Rangers,74,75,78,74,74,74,73,73,34,41,25,26,91.0,112.25,0,2,A,0,2,A,16,19,5,4,8,12,8,4,2,3,0,0,1.81,1.27,1.69,1.17,1.83,0.94,8.07,8.4,1.91,3.6,4.5,1.91,3.5,4.25,1.9,3.45,3.8,1.9,3.69,4.5,1.91,3.3,4.33,1.93,3.5,4.6,1.92,3.65,4.45
E0,2015-02-11,Chelsea,Everton,83,78,82,80,83,77,80,79,38,40,24,25,557.25,182.85,1,0,H,0,0,D,21,7,7,4,8,13,10,2,3,3,0,1,0.9,0.71,0.73,0.71,1.45,1.18,16.71,10.9,1.33,5.5,11.0,1.33,5.0,8.25,1.33,4.8,8.3,1.33,5.68,11.14,1.33,4.8,10.0,1.33,5.5,10.5,1.4,5.15,9.15
E0,2015-02-11,Crystal Palace,Newcastle United,73,75,71,75,72,74,73,74,42,42,27,23,97.25,140.0,1,1,D,0,1,A,7,5,3,1,10,11,5,2,1,2,0,0,0.93,0.44,0.93,0.41,1.82,0.81,5.94,11.61,2.38,3.3,3.3,2.4,3.1,3.0,2.3,3.3,2.9,2.35,3.35,3.38,2.3,3.2,3.2,2.4,3.2,3.4,2.23,3.39,3.6
E0,2015-02-11,Manchester United,Burnley,81,70,86,71,80,69,74,70,43,30,24,26,505.4,52.55,3,1,H,2,1,H,11,13,7,3,15,8,5,8,4,3,0,0,1.62,1.85,0.81,1.79,1.18,1.54,8.54,10.06,1.29,6.0,12.0,1.3,5.75,8.0,1.27,5.2,10.0,1.31,5.98,11.42,1.3,5.0,11.0,1.29,5.75,13.0,1.32,5.55,11.75
E0,2015-02-11,Southampton,West Ham,76,74,76,74,76,74,72,73,37,36,24,25,210.25,135.9,0,0,D,0,0,D,21,4,7,1,12,11,8,2,2,1,0,1,1.68,0.13,1.5,0.1,2.6,0.23,7.0,16.13,1.73,3.9,5.25,1.72,3.7,4.5,1.7,3.6,4.7,1.71,3.9,5.57,1.73,3.5,5.0,1.7,3.9,5.5,1.68,4.14,5.45
E0,2015-02-11,Stoke,Manchester City,75,82,76,83,75,81,73,81,30,34,27,26,110.5,448.25,1,4,A,1,1,D,17,14,5,8,6,11,3,2,1,2,0,0,0.75,2.14,0.6,1.35,0.41,2.41,14.59,6.83,5.75,3.8,1.7,5.0,3.6,1.7,4.7,3.6,1.7,5.64,3.98,1.69,5.5,3.5,1.7,5.5,3.8,1.73,5.59,4.19,1.65
E0,2015-02-11,West Bromwich Albion,Swansea,74,75,73,76,73,74,72,74,34,36,26,25,95.95,130.75,2,0,H,0,0,D,11,10,4,3,11,12,5,4,2,1,0,0,0.69,0.44,0.38,0.35,1.53,1.04,13.85,6.48,2.55,3.25,3.1,2.55,3.2,2.75,2.4,3.1,2.9,2.48,3.27,3.21,2.5,3.0,3.1,2.5,3.2,3.2,2.37,3.24,3.45
E0,2015-02-21,Aston Villa,Stoke,74,75,77,75,72,75,74,74,38,30,25,27,114.25,110.5,1,2,A,1,1,D,3,11,2,6,11,14,11,3,1,3,1,0,0.23,1.12,0.23,0.34,0.37,2.38,11.75,9.94,2.7,3.2,2.9,2.65,3.1,2.7,2.6,3.1,2.7,2.64,3.25,3.01,2.7,3.0,2.75,2.62,3.2,3.0,2.62,3.23,3.04
E0,2015-02-21,Chelsea,Burnley,83,70,83,72,82,69,81,70,38,30,24,26,557.25,52.55,1,1,D,1,0,H,14,10,5,5,9,9,7,7,1,2,1,0,1.54,0.51,1.48,0.39,2.28,0.49,8.83,10.33,1.2,7.5,17.0,1.2,6.25,12.5,1.2,5.8,13.0,1.21,7.45,17.66,1.2,6.0,17.0,1.2,7.0,19.0,1.2,7.5,17.95
E0,2015-02-21,Crystal Palace,Arsenal,73,80,71,83,73,78,73,76,42,42,27,24,97.25,414.75,1,2,A,0,2,A,22,12,3,4,15,14,10,1,1,3,0,0,2.26,2.08,0.93,0.83,1.46,1.24,4.33,9.24,4.75,3.75,1.83,4.1,3.6,1.83,4.2,3.5,1.8,4.93,3.73,1.82,5.0,3.1,1.85,4.8,3.7,1.83,5.03,3.84,1.78
E0,2015-02-21,Hull,Queens Park Rangers,73,75,75,76,73,75,69,68,35,41,27,26,117.1,112.25,2,1,H,1,1,D,16,8,6,3,18,16,5,7,0,4,0,1,1.09,0.19,0.98,0.16,2.21,0.48,6.42,9.64,2.05,3.3,4.2,2.05,3.25,3.6,2.1,3.2,3.4,2.08,3.46,3.99,2.1,3.1,3.75,2.05,3.3,4.2,1.85,3.54,5.02
E0,2015-02-21,Manchester City,Newcastle United,82,75,83,77,82,74,81,74,34,42,26,23,448.25,140.0,5,0,H,3,0,H,16,8,9,1,9,8,7,3,3,2,0,0,3.13,0.17,1.64,0.14,2.94,0.03,10.79,24.07,1.3,6.0,11.0,1.3,5.25,9.0,1.3,5.0,9.0,1.3,6.07,11.7,1.3,4.5,13.0,1.29,6.0,12.0,1.29,6.3,11.9
E0,2015-02-21,Sunderland,West Bromwich Albion,74,74,76,75,74,74,73,69,34,34,25,26,91.0,95.95,0,0,D,0,0,D,13,5,2,1,11,12,11,2,1,2,0,0,0.7,0.11,0.61,0.07,1.91,0.62,4.09,13.63,2.7,3.2,2.9,2.7,3.0,2.75,2.4,3.1,2.95,2.67,3.2,2.99,2.75,2.9,2.8,2.75,3.0,3.0,2.87,3.21,2.78
E0,2015-02-21,Swansea,Manchester United,75,81,77,86,74,79,74,76,36,43,25,24,130.75,505.4,2,1,H,1,1,D,11,18,6,3,6,15,4,10,2,4,0,0,1.04,1.47,0.95,1.24,1.02,1.71,20.79,5.03,4.2,3.5,2.0,3.6,3.4,2.0,3.6,3.3,2.0,3.97,3.56,2.05,4.0,3.2,2.0,4.1,3.6,2.0,3.83,3.3,2.19
E0,2015-02-22,Everton,Leicester,78,72,80,72,77,70,78,71,40,37,25,26,182.85,66.7,2,2,D,0,0,D,18,15,3,4,7,6,4,7,0,1,0,0,2.05,2.0,1.89,0.88,1.41,1.34,11.06,13.21,1.83,3.6,5.0,1.83,3.5,4.2,1.7,3.6,4.7,1.86,3.62,4.84,1.83,3.2,4.8,1.83,3.7,4.8,1.79,3.68,5.23
E0,2015-02-22,Southampton,Liverpool,76,79,76,81,76,79,73,73,37,35,24,24,210.25,324.85,0,2,A,0,1,A,13,6,5,4,11,14,6,1,2,3,0,0,0.87,0.7,0.5,0.33,1.46,1.19,7.96,14.9,2.63,3.3,2.9,2.6,3.25,2.65,2.6,3.2,2.6,2.5,3.38,3.09,2.62,3.1,2.75,2.55,3.3,3.0,2.66,3.31,2.92
E0,2015-02-22,Tottenham,West Ham,79,74,78,74,77,74,76,72,42,36,24,25,304.15,135.9,2,2,D,0,1,A,27,12,8,5,6,12,7,9,0,2,0,0,2.18,2.21,0.99,1.7,1.35,1.39,5.26,14.26,1.8,3.8,4.75,1.83,3.6,4.0,1.75,3.5,4.5,1.83,4.02,4.46,1.83,3.2,4.8,1.8,3.9,4.75,1.8,3.8,4.94
E0,2015-02-28,Burnley,Swansea,70,75,71,73,69,75,71,74,30,36,26,25,52.55,130.75,0,1,A,0,0,D,13,8,6,2,14,8,6,4,0,0,0,0,0.9,1.41,0.65,0.86,0.85,1.86,9.32,11.06,2.63,3.3,2.9,2.6,3.25,2.9,2.6,3.2,2.6,2.62,3.35,2.94,2.7,3.1,2.75,2.62,3.3,2.9,2.52,3.22,3.2
E0,2015-02-28,Manchester United,Sunderland,81,74,86,75,79,74,72,74,43,34,24,25,505.4,91.0,2,0,H,0,0,D,30,5,10,3,6,11,13,1,1,1,0,1,3.04,0.27,1.51,0.27,2.9,0.06,5.81,13.95,1.36,5.25,10.0,1.36,5.0,9.25,1.35,4.8,7.6,1.36,5.25,10.35,1.4,4.0,11.0,1.36,5.25,10.0,1.39,4.98,9.97
E0,2015-02-28,Newcastle United,Aston Villa,75,75,77,80,74,73,74,74,42,38,23,25,140.0,114.25,1,0,H,1,0,H,14,13,5,3,6,16,9,5,1,5,0,0,0.93,0.77,0.65,0.32,1.5,1.16,13.54,7.36,1.95,3.5,4.5,2.0,3.4,4.0,1.9,3.45,3.8,1.96,3.41,4.63,2.0,3.1,4.2,1.95,3.5,4.4,1.99,3.5,4.31
E0,2015-02-28,Stoke,Hull,75,73,73,75,75,73,74,69,30,35,27,27,110.5,117.1,1,0,H,0,0,D,17,1,2,0,9,10,5,2,2,2,0,0,0.9,0.34,0.58,0.34,1.83,0.78,11.11,33.22,1.91,3.5,4.75,1.95,3.4,3.8,1.9,3.45,3.8,1.95,3.44,4.6,2.0,3.1,4.2,1.95,3.4,4.6,2.04,3.26,4.48
E0,2015-02-28,West Bromwich Albion,Southampton,74,76,75,76,74,76,70,75,34,37,26,24,95.95,210.25,1,0,H,1,0,H,7,12,3,2,10,17,2,3,2,1,0,0,1.09,0.58,0.98,0.41,1.85,0.83,16.24,4.85,3.4,3.2,2.38,3.5,3.2,2.25,2.95,3.2,2.35,3.48,3.24,2.36,3.1,3.1,2.4,3.3,3.25,2.4,3.4,3.27,2.38
E0,2015-02-28,West Ham,Crystal Palace,74,73,75,71,74,72,72,73,36,42,25,27,135.9,97.25,1,3,A,0,1,A,22,12,5,5,12,19,11,7,2,2,0,1,1.29,0.85,1.16,0.71,1.7,1.01,5.29,7.74,2.15,3.4,3.75,2.15,3.4,3.5,2.1,3.3,3.3,2.14,3.4,3.86,2.15,3.1,3.6,2.15,3.4,3.8,2.28,3.32,3.58
E0,2015-03-01,Arsenal,Everton,80,78,79,80,80,77,76,78,42,40,24,25,414.75,182.85,2,0,H,1,0,H,17,8,4,2,12,5,8,9,2,0,0,0,1.39,0.37,1.33,0.23,2.26,0.49,10.4,5.9,1.57,4.5,6.0,1.57,4.2,6.0,1.55,4.0,5.5,1.55,4.47,6.6,1.57,3.75,6.5,1.57,4.3,6.5,1.56,4.5,6.35
E0,2015-03-01,Liverpool,Manchester City,79,82,79,83,78,82,72,81,35,34,24,26,324.85,448.25,2,1,H,1,1,D,11,8,5,1,8,16,3,0,1,3,0,0,0.77,1.13,0.54,1.04,0.98,1.7,14.32,12.68,3.1,3.6,2.38,3.0,3.4,2.4,2.75,3.3,2.4,3.16,3.59,2.36,3.1,3.1,2.4,3.1,3.5,2.4,3.29,3.62,2.27
E0,2015-03-03,Aston Villa,West Bromwich Albion,75,74,80,75,73,74,74,70,38,34,25,26,114.25,95.95,2,1,H,1,0,H,16,3,8,1,15,13,0,3,2,4,0,0,1.92,0.91,0.7,0.89,2.19,0.56,8.29,19.21,2.88,3.1,2.88,2.8,3.1,2.8,2.6,3.1,2.7,2.82,3.14,2.88,2.8,3.0,2.7,2.9,3.0,2.88,2.95,3.1,2.77
E0,2015-03-03,Hull,Sunderland,73,74,75,75,73,74,69,74,35,34,27,25,117.1,91.0,1,1,D,1,0,H,15,9,5,3,9,15,6,4,2,6,0,0,1.39,1.23,1.38,1.23,1.42,1.23,11.42,7.56,2.15,3.3,3.9,2.15,3.2,3.75,2.2,3.1,3.3,2.22,3.24,3.82,2.1,3.1,3.8,2.2,3.2,3.9,2.28,3.22,3.69
E0,2015-03-03,Southampton,Crystal Palace,76,73,76,71,76,72,75,73,37,42,24,27,210.25,97.25,1,0,H,0,0,D,23,9,3,3,11,10,10,2,0,2,0,0,2.23,0.39,1.36,0.34,2.68,0.2,4.54,9.54,1.7,3.8,5.75,1.7,3.6,5.0,1.7,3.6,4.7,1.71,3.79,5.86,1.7,3.3,6.0,1.7,3.7,6.0,1.69,3.88,5.85
E0,2015-03-04,Liverpool,Burnley,79,70,79,71,78,69,72,71,35,30,24,26,324.85,52.55,2,0,H,1,0,H,20,9,8,1,8,14,6,5,0,1,0,0,1.3,0.32,1.17,0.2,2.21,0.51,12.88,11.06,1.36,5.25,10.0,1.36,5.0,9.25,1.35,4.8,7.6,1.4,5.16,9.14,1.36,4.33,9.5,1.36,5.25,9.5,1.37,5.37,9.8
E0,2015-03-04,Manchester City,Leicester,82,72,83,72,82,70,81,71,34,37,26,26,448.25,66.7,2,0,H,1,0,H,22,6,9,2,11,3,10,3,0,1,0,0,2.92,0.22,2.12,0.12,2.92,0.05,5.65,17.33,1.25,7.0,13.0,1.25,6.5,11.5,1.25,5.5,10.3,1.26,6.63,12.62,1.25,5.5,13.0,1.25,6.5,13.0,1.25,7.2,12.0
E0,2015-03-04,Newcastle United,Manchester United,75,81,77,86,74,79,74,72,42,43,23,24,140.0,505.4,0,1,A,0,0,D,9,11,2,5,6,14,4,1,1,2,0,0,1.19,1.69,1.16,1.11,0.93,1.78,12.04,3.96,4.2,3.5,2.0,4.0,3.4,2.0,3.8,3.45,1.9,4.14,3.54,2.01,4.2,3.1,2.0,4.2,3.5,2.0,4.6,3.76,1.86
E0,2015-03-04,Queens Park Rangers,Arsenal,75,80,74,79,73,80,74,76,41,42,26,24,112.25,414.75,1,2,A,0,0,D,10,20,3,9,10,8,1,6,2,1,0,0,0.32,2.17,0.13,1.62,0.19,2.69,7.08,8.85,7.0,4.33,1.53,6.0,4.33,1.55,5.6,3.9,1.55,6.62,4.57,1.54,7.0,3.8,1.53,6.5,4.4,1.55,6.9,5.05,1.48
E0,2015-03-04,Stoke,Everton,75,78,73,80,75,77,74,78,30,40,27,25,110.5,182.85,2,0,H,1,0,H,11,10,3,5,11,14,5,6,2,2,0,0,1.04,0.42,0.5,0.19,1.99,0.68,13.21,8.95,2.5,3.3,3.1,2.5,3.2,2.8,2.5,3.2,2.75,2.44,3.36,3.2,2.5,3.1,3.0,2.55,3.2,3.12,2.65,3.33,2.9
E0,2015-03-04,Tottenham,Swansea,79,75,78,73,76,75,76,74,42,36,24,25,304.15,130.75,3,2,H,1,1,D,20,10,7,5,14,7,6,4,1,0,0,0,2.13,0.71,2.13,0.52,2.42,0.41,7.42,17.62,1.75,3.8,5.25,1.75,3.5,4.75,1.7,3.6,4.7,1.74,3.99,5.15,1.75,3.4,5.0,1.75,3.8,5.2,1.79,3.76,5.12
E0,2015-03-04,West Ham,Chelsea,74,83,75,83,74,82,72,80,36,38,25,24,135.9,557.25,0,1,A,0,1,A,18,12,5,3,10,10,5,4,3,4,0,0,1.46,2.38,1.12,2.33,0.76,2.04,12.53,8.41,6.25,4.0,1.62,5.75,4.1,1.62,5.1,3.6,1.65,6.25,4.18,1.61,5.0,4.0,1.62,6.0,4.0,1.65,6.18,4.24,1.61
E0,2015-03-07,Queens Park Rangers,Tottenham,75,79,74,78,73,76,70,76,41,42,26,24,112.25,304.15,1,2,A,0,1,A,17,13,6,6,15,12,3,5,1,2,0,0,1.5,2.62,0.95,1.77,0.67,2.14,7.72,3.57,4.75,3.9,1.8,4.5,3.8,1.8,4.0,3.45,1.85,4.67,3.98,1.8,5.0,3.2,1.83,4.8,3.9,1.8,4.51,3.99,1.82
E0,2015-03-14,Arsenal,West Ham,80,74,82,75,78,75,77,72,42,36,24,25,414.75,135.9,3,0,H,1,0,H,19,7,9,1,10,9,7,5,1,1,0,0,3.2,0.48,2.82,0.27,2.86,0.09,3.49,15.94,1.4,5.0,9.0,1.4,4.5,7.5,1.4,4.4,7.3,1.38,5.36,9.08,1.4,4.5,8.0,1.36,5.25,9.5,1.34,5.75,10.0
E0,2015-03-14,Burnley,Manchester City,70,82,71,83,69,81,71,81,30,34,26,26,52.55,448.25,1,0,H,0,0,D,10,21,4,5,6,9,2,6,2,1,0,0,0.24,1.26,0.19,1.04,0.48,2.24,19.74,4.97,7.5,5.0,1.44,6.5,4.5,1.44,7.0,4.0,1.45,7.62,4.85,1.46,7.0,4.5,1.44,8.0,4.8,1.45,8.0,5.15,1.43
E0,2015-03-14,Crystal Palace,Queens Park Rangers,73,75,73,74,73,74,73,73,42,41,27,26,97.25,112.25,3,1,H,3,0,H,15,11,4,4,17,16,6,3,1,3,0,0,2.2,0.27,2.06,0.2,2.78,0.13,9.1,4.78,1.83,3.75,4.75,1.83,3.6,4.1,1.85,3.45,4.0,1.78,3.83,5.04,1.75,3.6,4.75,1.83,3.6,5.0,1.78,3.77,5.15
E0,2015-03-14,Leicester,Hull,72,73,72,75,70,73,71,71,37,35,26,27,66.7,117.1,0,0,D,0,0,D,15,12,3,5,10,15,7,5,0,4,0,1,0.54,1.05,0.47,1.05,0.84,1.84,8.23,7.67,2.2,3.3,3.75,2.2,3.25,3.25,2.1,3.3,3.3,2.21,3.29,3.78,2.25,3.1,3.4,2.25,3.2,3.75,2.12,3.3,4.05
E0,2015-03-14,Sunderland,Aston Villa,74,75,74,77,74,74,74,73,34,38,25,25,91.0,114.25,0,4,A,0,4,A,12,14,2,8,10,9,2,5,1,1,0,0,0.47,1.5,0.4,1.48,0.51,2.25,8.09,10.32,2.38,3.25,3.4,2.35,3.1,3.1,2.25,3.0,3.3,2.31,3.25,3.57,2.4,3.0,3.2,2.38,3.1,3.6,2.32,3.29,3.49
E0,2015-03-14,West Bromwich Albion,Stoke,74,75,74,76,75,75,70,73,34,30,26,27,95.95,110.5,1,0,H,1,0,H,14,9,5,2,7,16,7,5,1,2,0,0,0.96,0.2,0.85,0.11,2.03,0.6,12.5,5.04,2.38,3.25,3.4,2.35,3.0,3.2,2.3,3.2,3.0,2.38,3.23,3.44,2.4,3.0,3.25,2.4,3.1,3.5,2.56,3.16,3.18
E0,2015-03-15,Chelsea,Southampton,83,76,83,76,82,76,81,75,38,37,24,24,557.25,210.25,1,1,D,1,1,D,22,12,7,5,10,11,9,2,3,3,0,0,3.19,1.83,2.01,1.02,2.29,0.55,8.87,8.7,1.62,4.0,6.5,1.62,3.9,6.0,1.5,4.0,6.1,1.62,4.0,6.55,1.62,3.6,6.0,1.62,3.9,6.5,1.62,3.86,7.0
E0,2015-03-15,Everton,Newcastle United,78,75,77,74,77,73,75,75,40,42,25,23,182.85,140.0,3,0,H,1,0,H,15,12,9,4,11,9,3,4,1,2,0,1,2.26,0.81,1.29,0.36,2.45,0.39,7.42,15.78,1.83,3.75,4.75,1.83,3.5,4.2,1.85,3.45,4.0,1.82,3.67,5.05,1.85,3.4,4.5,1.85,3.6,4.8,1.82,3.69,5.02
E0,2015-03-15,Manchester United,Tottenham,81,78,86,78,80,76,75,76,43,42,24,24,505.4,304.15,3,0,H,3,0,H,11,5,3,1,12,10,4,2,1,1,0,0,1.03,0.21,0.45,0.13,2.14,0.53,7.97,9.24,1.91,3.75,4.33,1.91,3.5,4.25,1.9,3.45,3.8,1.89,3.74,4.45,1.95,3.4,4.0,1.92,3.75,4.2,1.85,3.85,4.55
E0,2015-03-16,Swansea,Liverpool,75,79,75,79,74,78,74,77,36,35,25,24,130.75,324.85,0,1,A,0,0,D,10,16,3,5,13,16,4,5,0,3,0,0,0.44,1.7,0.21,1.59,0.41,2.39,10.97,9.19,4.0,3.6,2.0,3.9,3.5,2.0,3.3,3.3,2.1,4.24,3.51,2.0,4.0,3.1,2.05,4.1,3.4,2.05,4.2,3.55,2.0
E0,2015-03-21,Aston Villa,Swansea,75,75,77,75,74,74,73,74,38,36,25,25,114.25,130.75,0,1,A,0,0,D,12,9,3,6,13,9,4,9,0,0,0,0,0.76,1.9,0.65,1.77,0.52,2.28,12.0,7.77,2.5,3.25,2.8,2.5,3.0,3.0,2.3,3.2,3.0,2.52,3.22,3.2,2.4,3.1,3.1,2.55,3.2,3.12,2.65,3.21,3.01
E0,2015-03-21,Manchester City,West Bromwich Albion,82,74,83,73,81,74,81,72,34,34,26,26,448.25,95.95,3,0,H,2,0,H,43,3,16,0,6,5,9,2,0,0,0,1,4.91,0.78,3.83,0.97,2.98,0.01,4.52,15.94,1.3,5.5,8.5,1.3,5.0,10.0,1.3,5.0,9.0,1.32,5.85,10.89,1.33,5.0,9.0,1.3,5.75,12.0,1.31,6.0,11.25
E0,2015-03-21,Newcastle United,Arsenal,75,80,74,82,74,78,75,76,42,42,23,24,140.0,414.75,1,2,A,0,2,A,16,7,4,3,11,7,9,4,0,0,0,0,1.01,0.75,0.71,0.68,1.56,1.11,8.22,7.03,6.0,3.8,1.57,5.5,3.8,1.6,4.9,3.7,1.65,6.15,4.34,1.6,6.0,3.75,1.6,6.0,4.33,1.6,5.75,4.2,1.65
E0,2015-03-21,Southampton,Burnley,76,70,76,72,76,69,76,71,37,30,24,26,210.25,52.55,2,0,H,1,0,H,20,15,3,3,10,7,10,5,0,0,0,0,1.92,1.05,1.05,0.96,2.01,0.76,12.47,17.16,1.4,4.5,7.5,1.45,4.2,7.0,1.45,4.0,7.0,1.46,4.55,8.5,1.44,4.0,8.0,1.45,4.5,8.5,1.47,4.62,8.1
E0,2015-03-21,Stoke,Crystal Palace,75,73,76,73,74,72,74,73,30,42,27,27,110.5,97.25,1,2,A,1,2,A,17,12,4,3,15,14,8,4,3,4,0,0,2.08,2.15,1.41,1.21,1.32,1.43,7.27,10.61,2.1,3.3,3.5,2.2,3.1,3.4,2.1,3.2,3.4,2.16,3.34,3.88,2.15,3.2,3.5,2.2,3.25,3.8,2.54,3.17,3.2
E0,2015-03-21,Tottenham,Leicester,78,72,78,72,76,70,76,70,42,37,24,26,304.15,66.7,4,3,H,2,1,H,10,14,4,5,8,9,4,4,2,1,0,0,2.83,2.72,0.92,2.67,1.47,1.29,5.8,11.45,1.53,4.0,6.0,1.6,4.0,5.25,1.5,4.0,6.1,1.59,4.36,6.15,1.6,4.0,5.5,1.57,4.33,6.25,1.67,4.11,5.65
E0,2015-03-21,West Ham,Sunderland,74,74,75,80,76,74,73,73,36,34,25,25,135.9,91.0,1,0,H,0,0,D,15,7,4,3,14,11,6,4,0,1,0,0,1.0,0.54,0.93,0.52,1.73,0.91,5.92,8.0,1.8,3.5,4.5,1.85,3.4,4.25,1.8,3.5,4.2,1.81,3.69,5.14,1.85,3.5,4.33,1.83,3.6,5.0,1.85,3.61,4.98
E0,2015-03-22,Hull,Chelsea,73,83,74,83,72,82,71,81,35,38,27,24,117.1,557.25,2,3,A,2,2,D,19,8,8,3,14,11,6,6,0,2,0,0,1.32,0.76,0.69,0.76,1.79,0.9,9.8,19.18,7.0,4.33,1.44,6.75,4.25,1.45,7.0,4.0,1.45,8.52,4.42,1.48,7.0,4.0,1.5,9.0,4.4,1.45,8.0,4.08,1.54
E0,2015-03-22,Liverpool,Manchester United,79,81,79,85,78,80,77,76,35,43,24,24,324.85,505.4,1,2,A,0,1,A,7,6,1,4,14,17,2,3,2,2,1,0,0.56,1.23,0.47,0.47,0.64,2.05,12.86,4.82,2.05,3.4,3.6,2.15,3.4,3.6,2.2,3.2,3.2,2.14,3.49,3.76,2.1,3.25,3.5,2.1,3.5,3.8,2.33,3.25,3.5
E0,2015-03-22,Queens Park Rangers,Everton,75,78,76,78,74,78,73,78,41,40,26,25,112.25,182.85,1,2,A,0,1,A,14,8,1,3,11,12,1,3,2,1,0,0,1.39,0.84,1.24,0.4,1.82,0.89,5.03,5.59,3.3,3.4,2.15,3.25,3.25,2.2,3.1,3.3,2.2,3.55,3.42,2.25,3.3,3.3,2.2,3.6,3.4,2.2,3.65,3.55,2.15
E0,2015-04-04,Arsenal,Liverpool,80,79,82,79,79,78,78,77,42,35,24,24,414.75,324.85,4,1,H,3,0,H,16,13,10,2,7,9,6,5,1,0,0,1,1.46,1.21,1.35,0.44,1.52,1.18,7.18,10.82,1.83,3.75,4.2,1.85,3.6,4.0,1.9,3.45,3.8,1.85,3.89,4.51,1.83,3.4,4.5,1.87,3.8,4.4,1.85,3.74,4.67
E0,2015-04-04,Chelsea,Stoke,83,75,82,76,83,74,81,74,38,30,24,27,557.25,110.5,2,1,H,1,1,D,19,7,10,2,5,22,9,0,1,6,0,0,3.29,0.28,2.09,0.23,2.96,0.03,16.11,14.3,1.29,5.5,11.0,1.28,5.25,10.5,1.28,5.1,10.0,1.27,6.06,14.38,1.29,5.0,12.0,1.25,6.0,15.0,1.32,5.5,12.55
E0,2015-04-04,Everton,Southampton,78,76,77,76,78,75,78,77,40,37,25,24,182.85,210.25,1,0,H,1,0,H,11,11,1,2,12,17,4,10,0,1,0,0,1.02,0.53,1.0,0.43,1.88,0.8,8.52,4.44,2.63,3.2,2.8,2.6,3.1,2.75,2.5,3.3,2.65,2.73,3.3,2.85,2.6,3.1,2.8,2.75,3.2,2.88,2.9,3.21,2.75
E0,2015-04-04,Leicester,West Ham,72,74,73,75,70,76,70,73,37,36,26,25,66.7,135.9,2,1,H,1,1,D,20,14,7,7,12,10,7,6,0,3,0,0,3.44,1.94,2.74,1.86,2.29,0.55,7.95,6.65,2.38,3.3,3.1,2.3,3.3,3.0,2.2,3.3,3.1,2.33,3.54,3.24,2.25,3.4,3.1,2.38,3.5,3.13,2.12,3.64,3.65
E0,2015-04-04,Manchester United,Aston Villa,81,75,85,77,80,74,76,73,43,38,24,25,505.4,114.25,3,1,H,1,0,H,19,4,7,2,15,12,10,2,0,1,0,0,1.98,0.31,1.29,0.31,2.61,0.24,3.55,25.07,1.3,5.5,10.0,1.3,5.0,9.5,1.3,5.0,9.0,1.31,5.7,12.0,1.33,4.8,10.0,1.3,5.5,13.0,1.36,5.14,10.85
E0,2015-04-04,Swansea,Hull,75,73,73,75,75,72,74,71,36,35,25,27,130.75,117.1,3,1,H,2,0,H,9,10,4,1,11,14,4,7,1,5,0,1,1.5,0.92,0.58,0.81,1.83,0.87,10.12,21.42,1.91,3.5,4.2,1.91,3.3,4.1,1.9,3.45,3.8,1.97,3.4,4.56,2.0,3.1,4.2,1.93,3.4,4.75,2.07,3.32,4.25
E0,2015-04-04,West Bromwich Albion,Queens Park Rangers,74,75,74,74,75,74,71,74,34,41,26,26,95.95,112.25,1,4,A,0,3,A,21,12,6,7,6,15,2,4,2,3,1,0,2.13,1.21,1.87,0.62,2.02,0.76,11.38,10.57,1.8,3.5,4.5,1.75,3.5,4.75,1.75,3.5,4.5,1.78,3.67,5.41,1.73,3.3,5.5,1.8,3.6,5.2,1.85,3.7,4.92
E0,2015-04-05,Burnley,Tottenham,70,78,72,78,69,76,71,76,30,42,26,24,52.55,304.15,0,0,D,0,0,D,15,12,4,2,9,5,5,3,2,0,0,0,1.51,0.38,1.34,0.36,2.32,0.45,10.76,11.85,3.5,3.4,2.1,3.6,3.5,2.1,3.2,3.4,2.1,3.5,3.63,2.18,3.5,3.1,2.2,3.4,3.6,2.2,3.24,3.54,2.33
E0,2015-04-05,Sunderland,Newcastle United,74,75,72,75,74,73,73,74,34,42,25,23,91.0,140.0,1,0,H,1,0,H,16,10,4,1,14,18,8,4,5,2,0,0,0.83,0.8,0.67,0.2,1.31,1.33,4.42,6.07,2.5,3.1,3.1,2.5,3.2,2.8,2.2,3.3,3.1,2.59,3.29,3.03,2.62,3.1,2.8,2.6,3.2,3.1,2.87,3.08,2.88
E0,2015-04-06,Crystal Palace,Manchester City,73,82,73,83,72,81,73,81,42,34,27,26,97.25,448.25,2,1,H,1,0,H,5,22,3,4,11,11,4,13,2,1,0,0,1.33,1.11,0.66,1.03,1.64,1.04,12.87,4.26,5.0,4.0,1.67,5.0,4.0,1.7,5.0,3.9,1.6,5.6,4.03,1.68,4.8,3.8,1.7,5.5,4.0,1.7,5.6,4.1,1.67
E0,2015-04-07,Aston Villa,Queens Park Rangers,75,75,77,74,74,74,73,74,38,41,25,26,114.25,112.25,3,3,D,2,1,H,21,11,7,5,8,12,7,3,0,4,0,0,1.87,1.43,1.15,1.43,1.67,1.07,6.5,8.86,2.15,3.4,3.8,2.15,3.3,3.3,2.0,3.3,3.6,2.1,3.43,3.95,2.15,3.2,3.6,2.15,3.4,3.8,2.08,3.39,4.08
E0,2015-04-11,Burnley,Arsenal,70,80,72,81,69,80,71,77,30,42,26,24,52.55,414.75,0,1,A,0,1,A,8,17,4,5,15,7,1,6,2,0,0,0,0.66,1.21,0.48,0.44,0.83,1.86,8.53,5.39,6.5,4.33,1.57,6.25,4.1,1.57,7.0,4.0,1.45,6.25,4.35,1.58,6.0,3.8,1.57,6.25,4.33,1.57,6.55,3.98,1.63
E0,2015-04-11,Southampton,Hull,76,73,77,74,75,74,77,69,37,35,24,27,210.25,117.1,2,0,H,0,0,D,9,15,4,4,7,11,2,5,2,0,0,0,2.37,0.74,1.04,0.58,2.55,0.31,10.64,16.05,1.53,4.2,7.5,1.53,3.8,6.5,1.55,3.9,5.6,1.53,4.18,7.8,1.53,3.75,7.0,1.55,4.1,7.0,1.59,4.05,6.95
E0,2015-04-11,Sunderland,Crystal Palace,74,73,72,74,73,71,73,73,34,42,25,27,91.0,97.25,1,4,A,0,0,D,12,14,3,5,15,17,8,4,2,2,0,0,0.62,2.35,0.49,1.65,0.27,2.6,5.32,5.15,2.9,3.2,2.7,2.75,3.1,2.6,2.4,3.2,2.85,3.0,3.18,2.68,2.7,3.1,2.7,2.9,3.2,2.75,2.82,3.17,2.86
E0,2015-04-11,Swansea,Everton,75,78,73,78,75,78,74,78,36,40,25,25,130.75,182.85,1,1,D,0,1,A,11,12,3,8,18,12,3,6,3,3,0,0,1.1,0.84,0.24,0.81,1.63,1.02,9.83,12.62,2.5,3.3,3.1,2.5,3.3,2.95,2.4,3.3,2.75,2.48,3.31,3.17,2.5,3.2,2.9,2.5,3.3,3.1,2.52,3.3,3.12
E0,2015-04-11,Tottenham,Aston Villa,78,75,78,77,77,73,76,73,42,38,24,25,304.15,114.25,0,1,A,0,1,A,14,10,3,3,11,12,9,6,3,2,0,1,0.62,0.86,0.57,0.76,1.04,1.59,5.63,6.87,1.62,4.2,6.0,1.62,4.1,5.5,1.55,3.9,5.6,1.63,4.26,5.93,1.62,3.8,5.5,1.62,4.2,6.0,1.63,4.1,6.2
E0,2015-04-11,West Bromwich Albion,Leicester,74,72,73,73,73,70,70,70,34,37,26,26,95.95,66.7,2,3,A,2,1,H,8,12,5,4,15,15,4,6,2,2,0,0,0.97,1.69,0.92,1.61,0.78,1.95,7.22,6.19,2.3,3.4,3.4,2.2,3.25,3.2,2.0,3.3,3.6,2.33,3.38,3.39,2.3,3.2,3.2,2.3,3.4,3.4,2.37,3.37,3.31
E0,2015-04-11,West Ham,Stoke,75,75,75,74,74,74,72,74,36,30,25,27,135.9,110.5,1,1,D,1,0,H,11,18,3,2,17,13,4,10,3,1,0,0,0.6,0.59,0.42,0.44,1.3,1.27,9.82,5.06,2.3,3.4,3.4,2.3,3.2,3.1,2.1,3.2,3.4,2.33,3.37,3.4,2.3,3.2,3.2,2.3,3.4,3.4,2.15,3.45,3.8
E0,2015-04-12,Manchester United,Manchester City,81,82,85,83,80,82,76,81,43,34,24,26,505.4,448.25,4,2,H,2,1,H,11,10,7,3,9,16,1,5,0,3,0,0,2.66,1.76,1.85,1.66,2.03,0.76,6.88,10.67,2.63,3.4,2.88,2.7,3.4,2.7,2.4,3.3,2.75,2.74,3.5,2.71,2.7,3.1,2.7,2.7,3.4,2.75,2.81,3.29,2.78
E0,2015-04-12,Queens Park Rangers,Chelsea,75,83,74,82,75,82,73,81,41,38,26,24,112.25,557.25,0,1,A,0,0,D,15,9,4,1,12,6,5,6,2,1,0,0,0.78,0.92,0.58,0.85,1.18,1.46,7.07,6.82,9.0,5.0,1.4,8.0,5.0,1.4,7.3,4.4,1.4,9.2,4.99,1.4,8.0,4.5,1.4,9.5,5.0,1.4,9.5,4.82,1.41
E0,2015-04-13,Liverpool,Newcastle United,79,75,79,75,78,74,77,74,35,42,24,23,324.85,140.0,2,0,H,1,0,H,14,10,6,3,8,17,6,6,2,0,0,1,1.27,0.36,0.5,0.24,2.16,0.56,6.64,9.85,1.4,5.0,9.0,1.4,5.0,8.25,1.45,4.0,7.0,1.4,5.05,9.45,1.4,4.5,8.0,1.4,5.0,9.5,1.36,5.46,9.86
E0,2015-04-18,Chelsea,Manchester United,83,81,83,85,83,79,81,70,38,43,24,24,557.25,505.4,1,0,H,1,0,H,7,15,2,2,13,11,3,7,7,1,0,0,1.15,0.74,0.54,0.74,1.78,0.91,14.59,5.21,2.0,3.4,4.33,2.0,3.5,3.9,2.0,3.3,3.6,2.0,3.45,4.33,2.0,3.3,4.33,2.0,3.4,4.3,1.97,3.47,4.44
E0,2015-04-18,Crystal Palace,West Bromwich Albion,73,74,73,73,72,74,73,70,42,34,27,26,97.25,95.95,0,2,A,0,1,A,19,8,4,4,17,17,7,6,3,3,0,0,2.06,0.7,1.92,0.58,2.42,0.41,2.44,9.52,1.95,3.5,4.5,1.95,3.4,3.75,1.9,3.45,3.8,1.92,3.5,4.69,1.95,3.25,4.2,1.95,3.3,4.4,2.07,3.32,4.24
E0,2015-04-18,Everton,Burnley,78,70,78,72,78,69,78,71,40,30,25,26,182.85,52.55,1,0,H,1,0,H,21,10,8,1,12,15,5,6,1,2,0,1,2.36,1.06,1.41,1.0,2.31,0.5,6.17,14.1,1.73,3.8,5.5,1.72,3.8,5.0,1.7,3.8,4.3,1.76,3.81,5.29,1.75,3.5,5.0,1.73,3.8,5.5,1.86,3.59,4.87
E0,2015-04-18,Leicester,Swansea,72,75,71,73,72,75,68,74,37,36,26,25,66.7,130.75,2,0,H,1,0,H,18,10,6,6,6,5,6,3,0,2,0,0,2.57,0.87,1.85,0.84,2.54,0.32,10.9,17.0,2.15,3.4,3.75,2.15,3.3,3.3,2.1,3.3,3.3,2.1,3.53,3.83,2.15,3.3,3.4,2.15,3.5,3.6,2.01,3.58,4.11
E0,2015-04-18,Stoke,Southampton,76,76,73,77,74,75,75,77,30,37,27,24,110.5,210.25,2,1,H,0,1,A,15,12,2,6,17,17,2,5,0,4,0,0,2.26,1.36,1.7,1.37,2.08,0.68,9.0,8.0,3.5,3.25,2.3,3.0,3.3,2.3,2.9,3.3,2.3,3.58,3.28,2.29,3.2,3.2,2.3,3.5,3.13,2.38,3.33,3.24,2.43
E0,2015-04-19,Manchester City,West Ham,82,75,83,74,83,74,81,72,34,36,26,25,448.25,135.9,2,0,H,2,0,H,18,9,3,3,10,6,6,3,2,2,0,0,2.05,0.74,1.91,0.45,2.3,0.5,6.78,22.33,1.25,6.5,11.0,1.28,6.0,11.0,1.27,5.2,10.0,1.25,6.76,13.35,1.29,5.0,12.0,1.29,6.0,12.0,1.27,6.7,11.9
E0,2015-04-19,Newcastle United,Tottenham,75,78,75,78,75,76,75,76,42,42,23,24,140.0,304.15,1,3,A,0,1,A,11,14,5,8,11,13,4,3,2,4,0,0,0.94,2.0,0.47,1.8,0.58,2.2,8.15,5.45,3.3,3.5,2.3,3.3,3.3,2.3,2.65,3.3,2.5,3.3,3.53,2.32,3.2,3.1,2.38,3.13,3.5,2.4,3.03,3.43,2.51
E0,2015-04-25,Burnley,Leicester,70,72,71,71,69,72,71,68,30,37,26,26,52.55,66.7,0,1,A,0,0,D,12,8,4,4,16,16,6,4,3,0,0,0,1.99,1.22,1.18,0.17,2.05,0.68,4.04,7.2,2.63,3.3,2.9,2.55,3.3,2.8,2.5,3.3,2.65,2.5,3.34,3.1,2.62,2.88,3.0,2.55,3.4,3.0,2.78,3.36,2.76
E0,2015-04-25,Crystal Palace,Hull,73,73,74,76,71,73,73,69,42,35,27,27,97.25,117.1,0,2,A,0,0,D,7,21,3,7,15,10,0,9,0,0,0,0,0.91,2.38,0.13,2.22,0.36,2.47,8.18,11.2,2.05,3.3,4.2,2.0,3.3,4.1,2.0,3.3,3.6,2.09,3.34,4.16,2.1,3.0,4.0,2.05,3.3,4.2,2.06,3.38,4.18
E0,2015-04-25,Manchester City,Aston Villa,82,75,83,76,82,73,81,73,34,38,26,25,448.25,114.25,3,2,H,1,0,H,11,13,4,4,13,11,7,6,1,2,0,0,1.19,0.9,0.7,0.39,1.6,1.08,16.17,12.0,1.29,6.0,12.0,1.28,5.75,12.5,1.27,5.2,10.0,1.27,6.45,12.4,1.29,4.8,12.0,1.29,6.0,12.0,1.26,6.85,12.65
E0,2015-04-25,Newcastle United,Swansea,75,75,75,73,74,75,75,74,42,36,23,25,140.0,130.75,2,3,A,1,1,D,12,11,4,6,14,9,9,6,1,2,0,0,1.55,1.59,0.89,0.96,1.32,1.4,7.62,10.63,2.45,3.25,3.25,2.45,3.2,2.85,2.4,3.2,2.85,2.42,3.33,3.26,2.5,2.9,3.1,2.45,3.25,3.25,2.32,3.32,3.48
E0,2015-04-25,Queens Park Rangers,West Ham,75,75,74,74,73,74,73,72,41,36,26,25,112.25,135.9,0,0,D,0,0,D,18,8,7,2,14,12,6,6,1,0,0,0,2.28,0.82,1.45,0.68,2.45,0.37,4.9,4.77,2.38,3.4,3.25,2.38,3.2,2.95,2.2,3.3,3.1,2.39,3.47,3.2,2.4,3.0,3.2,2.4,3.4,3.13,2.26,3.51,3.42
E0,2015-04-25,Southampton,Tottenham,76,78,76,78,76,77,77,75,37,42,24,24,210.25,304.15,2,2,D,1,1,D,13,7,4,2,9,10,8,3,1,3,0,0,1.39,0.53,0.92,0.53,2.1,0.62,18.5,10.47,2.1,3.5,3.8,2.1,3.4,3.7,2.15,3.3,3.2,2.05,3.49,4.06,2.1,3.1,3.75,2.1,3.4,3.9,2.08,3.5,3.94
E0,2015-04-25,Stoke,Sunderland,76,74,76,73,74,73,75,73,30,34,27,25,110.5,91.0,1,1,D,1,1,D,23,15,8,5,14,15,9,8,2,3,0,0,2.15,2.18,1.37,0.55,1.34,1.4,5.27,7.8,1.91,3.5,4.75,1.91,3.4,3.9,1.9,3.45,3.8,1.93,3.45,4.73,1.95,3.0,4.5,1.95,3.3,4.75,1.79,3.68,5.25
E0,2015-04-25,West Bromwich Albion,Liverpool,74,79,73,78,74,78,70,77,34,35,26,24,95.95,324.85,0,0,D,0,0,D,10,22,4,5,12,11,2,4,1,0,0,0,0.51,1.41,0.35,0.65,0.56,2.19,12.1,4.56,4.0,3.6,2.0,4.0,3.6,1.95,4.0,3.45,1.85,4.15,3.51,2.02,4.0,3.1,2.05,4.1,3.6,2.0,4.34,3.54,1.97
E0,2015-04-26,Arsenal,Chelsea,80,83,81,83,80,81,77,81,42,38,24,24,414.75,557.25,0,0,D,0,0,D,12,7,1,3,17,11,6,2,4,3,0,0,1.07,0.85,0.93,0.78,1.52,1.14,6.61,12.09,2.4,3.3,3.3,2.35,3.3,3.2,2.5,3.2,2.75,2.35,3.29,3.44,2.4,3.1,3.1,2.4,3.25,3.3,2.45,3.27,3.26
E0,2015-04-26,Everton,Manchester United,78,81,78,85,78,79,78,70,40,43,25,24,182.85,505.4,3,0,H,2,0,H,9,17,7,4,6,10,7,7,0,2,0,0,1.08,0.75,0.54,0.69,1.67,1.01,16.44,5.62,3.75,3.4,2.15,3.4,3.4,2.2,3.6,3.3,2.0,3.66,3.39,2.2,3.6,3.0,2.2,3.6,3.4,2.2,4.04,3.51,2.04
E0,2015-04-28,Hull,Liverpool,73,79,76,78,73,78,69,77,35,35,27,24,117.1,324.85,1,0,H,1,0,H,7,12,4,9,10,10,7,7,2,0,0,0,0.73,0.52,0.7,0.47,1.55,1.05,12.92,5.05,4.33,3.4,2.0,4.1,3.4,2.0,3.6,3.3,2.0,4.15,3.44,2.04,3.8,3.4,2.0,4.1,3.4,2.05,4.03,3.38,2.1
E0,2015-04-29,Leicester,Chelsea,72,83,71,83,72,81,68,81,37,38,26,24,66.7,557.25,1,3,A,1,0,H,8,11,2,4,10,1,2,6,1,0,0,0,0.6,1.52,0.57,0.68,0.45,2.3,10.0,11.69,5.75,3.8,1.7,5.25,3.8,1.7,4.7,3.6,1.7,5.58,3.98,1.69,4.8,3.8,1.7,5.5,3.9,1.7,5.0,3.78,1.8
E0,2015-05-02,Aston Villa,Everton,75,78,80,78,73,78,73,78,38,40,25,25,114.25,182.85,3,2,H,2,0,H,11,9,4,5,13,12,5,3,2,1,0,0,1.56,1.4,1.47,0.07,1.47,1.21,8.14,18.82,2.75,3.3,2.8,2.65,3.25,2.6,2.5,3.3,2.65,2.78,3.32,2.79,2.7,3.1,2.7,2.8,3.25,2.8,2.64,3.29,2.96
E0,2015-05-02,Leicester,Newcastle United,72,75,71,75,71,75,68,75,37,42,26,23,66.7,140.0,3,0,H,2,0,H,19,12,7,3,10,13,10,7,1,2,0,2,4.03,0.49,2.98,0.35,2.94,0.04,7.41,4.92,1.91,3.7,4.33,1.91,3.5,4.1,1.95,3.35,3.7,1.97,3.64,4.18,1.91,3.5,4.0,1.93,3.7,4.3,1.85,3.71,4.72
E0,2015-05-02,Liverpool,Queens Park Rangers,79,75,77,76,78,73,77,72,35,41,24,26,324.85,112.25,2,1,H,1,0,H,25,10,8,2,9,18,9,6,2,3,0,1,2.29,0.39,1.17,0.18,2.71,0.19,5.38,10.26,1.36,5.25,10.0,1.36,5.25,8.75,1.42,4.6,6.4,1.38,5.2,9.56,1.4,4.5,8.0,1.4,5.0,9.0,1.36,5.6,9.5
E0,2015-05-02,Manchester United,West Bromwich Albion,81,74,85,73,80,72,68,70,43,34,24,26,505.4,95.95,0,1,A,0,0,D,26,6,9,3,10,11,9,3,1,0,0,0,2.11,0.32,1.01,0.18,2.69,0.19,2.56,21.29,1.36,5.25,10.0,1.36,5.25,8.75,1.3,5.0,9.0,1.38,5.23,10.35,1.36,4.5,9.0,1.36,5.2,10.0,1.41,4.81,9.85
E0,2015-05-02,Sunderland,Southampton,74,76,76,76,74,76,72,75,34,37,25,24,91.0,210.25,2,1,H,1,1,D,12,11,6,2,12,13,1,1,2,2,0,1,1.98,0.91,0.28,0.26,2.29,0.5,11.04,10.1,4.2,3.4,2.05,3.6,3.25,2.05,3.3,3.3,2.1,4.04,3.44,2.08,4.0,3.1,2.05,4.2,3.3,2.05,4.06,3.44,2.07
E0,2015-05-02,Swansea,Stoke,75,76,75,76,74,74,74,74,36,30,25,27,130.75,110.5,2,0,H,0,0,D,16,9,4,3,9,18,6,2,1,2,0,1,2.08,0.32,2.06,0.31,2.65,0.22,11.6,8.65,2.3,3.4,3.4,2.3,3.1,3.2,2.2,3.2,3.2,2.28,3.43,3.45,2.3,3.2,3.2,2.38,3.13,3.5,2.31,3.38,3.45
E0,2015-05-02,West Ham,Burnley,75,70,76,71,75,69,69,71,36,30,25,26,135.9,52.55,1,0,H,1,0,H,29,8,7,2,11,7,13,3,3,2,0,1,3.24,0.76,1.97,0.7,2.75,0.17,9.82,10.86,2.25,3.5,3.4,2.25,3.3,3.1,2.2,3.3,3.1,2.29,3.45,3.39,2.25,3.2,3.3,2.25,3.4,3.5,2.38,3.43,3.25
E0,2015-05-03,Chelsea,Crystal Palace,83,73,83,74,82,71,81,73,38,42,24,27,557.25,97.25,1,0,H,1,0,H,17,8,7,1,12,13,3,6,2,2,0,0,1.56,0.42,0.51,0.28,2.45,0.35,4.14,10.19,1.36,5.25,10.0,1.36,5.0,9.25,1.35,4.8,7.6,1.35,5.32,10.82,1.36,4.8,8.5,1.36,5.0,10.5,1.33,5.2,12.75
E0,2015-05-03,Tottenham,Manchester City,78,82,78,83,77,82,76,81,42,34,24,26,304.15,448.25,0,1,A,0,1,A,21,15,5,4,6,11,8,7,3,4,0,0,2.07,1.81,2.02,1.47,1.58,1.18,7.78,8.73,3.75,3.75,2.05,3.6,3.6,2.05,3.6,3.3,2.0,3.69,3.81,2.07,3.75,3.3,2.05,3.5,3.8,2.1,3.34,3.67,2.23
E0,2015-05-04,Hull,Arsenal,73,80,73,81,73,80,70,77,35,42,27,24,117.1,414.75,1,3,A,0,3,A,8,22,1,9,8,11,0,5,2,0,0,0,0.47,2.95,0.44,2.17,0.13,2.8,22.65,6.48,5.5,4.0,1.7,5.25,3.8,1.7,,,,5.52,3.9,1.72,5.5,3.5,1.7,5.5,3.8,1.73,5.53,3.73,1.75
E0,2015-05-09,Aston Villa,West Ham,75,75,72,76,74,75,73,69,38,36,25,25,114.25,135.9,1,0,H,1,0,H,15,5,5,1,6,13,2,6,1,1,0,0,1.27,0.15,1.12,0.13,2.46,0.31,12.86,12.11,1.91,3.7,4.33,1.95,3.5,3.7,1.9,3.45,3.8,1.91,3.69,4.45,1.95,3.4,4.0,1.95,3.5,4.33,1.81,3.81,4.9
E0,2015-05-09,Crystal Palace,Manchester United,73,81,74,85,71,80,73,75,42,43,27,24,97.25,505.4,1,2,A,0,1,A,13,13,4,4,13,12,7,6,0,1,0,0,1.04,2.3,0.93,1.53,0.48,2.33,12.6,5.3,4.5,3.6,1.91,4.1,3.7,1.9,4.5,3.7,1.7,4.66,3.66,1.88,4.33,3.3,1.91,4.75,3.6,1.87,4.75,3.58,1.88
E0,2015-05-09,Everton,Sunderland,78,74,78,71,78,74,79,71,40,34,25,25,182.85,91.0,0,2,A,0,0,D,22,10,4,3,10,9,15,1,2,3,0,0,1.14,1.2,1.01,0.42,1.25,1.45,4.71,15.57,1.8,3.75,5.0,1.8,3.6,4.75,1.95,3.4,3.55,1.79,3.8,5.06,1.73,3.5,5.0,1.8,3.6,5.2,1.68,3.85,5.98
E0,2015-05-09,Hull,Burnley,73,70,75,72,73,69,70,71,35,30,27,26,117.1,52.55,0,1,A,0,0,D,21,8,3,2,16,12,9,3,1,1,0,0,1.13,1.21,0.78,0.58,1.26,1.44,8.25,11.89,1.95,3.5,4.5,1.95,3.4,3.75,1.8,3.5,4.2,1.93,3.58,4.5,1.95,3.4,4.0,1.9,3.5,4.75,1.9,3.49,4.79
E0,2015-05-09,Leicester,Southampton,72,76,71,76,72,76,68,75,37,37,26,24,66.7,210.25,2,0,H,2,0,H,10,10,3,3,12,10,4,8,1,0,0,0,1.64,0.35,1.51,0.27,2.52,0.31,13.91,3.67,2.6,3.4,2.9,2.6,3.25,2.65,2.4,3.3,2.75,2.62,3.35,2.94,2.62,3.1,2.8,2.6,3.4,2.9,2.74,3.37,2.79
E0,2015-05-09,Newcastle United,West Bromwich Albion,75,74,75,74,75,73,74,71,42,34,23,26,140.0,95.95,1,1,D,1,1,D,15,8,5,3,11,17,7,2,2,3,0,0,1.24,1.21,0.63,0.62,1.36,1.32,4.76,10.48,2.55,3.3,3.0,2.55,3.3,2.9,2.3,3.3,2.9,2.5,3.36,3.09,2.62,3.1,2.8,2.6,3.2,3.1,2.22,3.44,3.58
E0,2015-05-09,Stoke,Tottenham,76,78,76,78,75,77,74,76,30,42,27,24,110.5,304.15,3,0,H,2,0,H,17,9,9,3,14,12,6,8,0,0,0,1,2.14,0.3,1.09,0.21,2.69,0.2,12.53,9.9,2.9,3.4,2.6,2.7,3.25,2.55,2.65,3.3,2.5,2.9,3.45,2.59,2.8,3.1,2.62,2.9,3.4,2.6,3.4,3.45,2.29
E0,2015-05-10,Chelsea,Liverpool,83,79,83,80,82,78,81,77,38,35,24,24,557.25,324.85,1,1,D,1,1,D,8,15,3,4,13,11,6,4,4,3,0,0,0.54,1.33,0.54,1.28,0.66,2.06,10.78,10.27,2.1,3.5,3.8,2.1,3.3,3.8,2.1,3.3,3.3,2.1,3.44,3.96,2.1,3.2,3.75,2.1,3.4,3.9,2.18,3.46,3.67
E0,2015-05-10,Manchester City,Queens Park Rangers,82,75,83,77,82,73,81,72,34,41,26,26,448.25,112.25,6,0,H,2,0,H,23,9,11,3,12,7,7,4,0,1,0,0,5.35,0.87,3.12,0.6,2.98,0.01,6.76,12.76,1.22,7.5,13.0,1.22,7.25,11.5,1.2,5.8,13.0,1.23,7.4,13.75,1.22,6.0,13.0,1.22,7.5,15.0,1.2,8.06,15.56
E0,2015-05-11,Arsenal,Swansea,80,75,81,77,80,74,77,74,42,36,24,25,414.75,130.75,0,1,A,0,0,D,23,8,9,3,7,10,6,1,0,1,0,0,1.88,0.35,1.17,0.3,2.51,0.32,6.97,28.79,1.3,6.0,11.0,1.3,5.75,10.0,1.35,4.8,7.6,1.31,5.93,11.5,1.33,5.0,9.0,1.33,5.5,11.0,1.34,5.62,10.1
E0,2015-05-16,Burnley,Stoke,70,76,72,76,69,75,71,74,30,30,26,27,52.55,110.5,0,0,D,0,0,D,11,11,4,3,14,9,7,6,1,2,0,0,0.91,1.76,0.54,0.94,0.64,2.13,19.92,7.35,2.7,3.3,2.88,2.65,3.2,2.65,2.75,3.3,2.4,2.61,3.39,2.92,2.7,3.1,2.7,2.63,3.25,3.0,2.55,3.31,3.06
E0,2015-05-16,Liverpool,Crystal Palace,79,73,80,74,78,71,77,73,35,42,24,27,324.85,97.25,1,3,A,1,1,D,18,15,3,6,10,17,4,5,2,3,0,0,1.11,2.0,0.51,0.4,0.69,2.09,7.89,11.53,1.45,4.75,8.0,1.45,4.75,7.0,1.45,4.0,7.0,1.49,4.76,7.23,1.44,4.2,8.0,1.45,4.75,7.5,1.45,4.82,7.95
E0,2015-05-16,Queens Park Rangers,Newcastle United,75,75,74,74,74,74,72,73,41,42,26,23,112.25,140.0,2,1,H,0,1,A,8,22,4,8,12,8,3,12,2,0,0,0,0.47,2.11,0.38,1.2,0.31,2.54,2.95,4.0,3.1,3.5,2.4,2.95,3.4,2.45,2.9,3.3,2.3,3.01,3.57,2.45,2.9,3.25,2.4,3.0,3.5,2.45,3.17,3.65,2.32
E0,2015-05-16,Southampton,Aston Villa,76,75,76,72,75,74,76,74,37,38,24,25,210.25,114.25,6,1,H,5,1,H,18,9,11,4,19,7,6,3,1,1,0,0,3.6,1.19,2.82,1.08,2.7,0.2,10.54,18.88,1.75,3.8,5.25,1.78,3.5,4.5,1.75,3.5,4.5,1.76,3.83,5.25,1.75,3.5,5.0,1.8,3.6,5.25,1.75,4.07,4.9
E0,2015-05-16,Sunderland,Leicester,74,72,72,71,74,72,71,68,34,37,25,26,91.0,66.7,0,0,D,0,0,D,13,11,3,0,14,15,8,9,4,1,0,0,0.94,0.68,0.65,0.41,1.56,1.1,5.17,4.68,2.8,3.3,2.75,2.65,3.2,2.65,2.4,3.2,2.85,2.83,3.3,2.75,2.7,3.1,2.7,2.8,3.3,2.75,3.14,3.25,2.53
E0,2015-05-16,Tottenham,Hull,78,73,78,75,77,73,76,70,42,35,24,27,304.15,117.1,2,0,H,0,0,D,10,14,3,2,10,6,6,8,3,1,0,0,1.7,1.13,1.65,0.9,1.86,0.88,9.32,17.56,1.8,3.8,4.75,1.75,3.8,4.25,1.7,3.8,4.3,1.79,3.99,4.72,1.8,3.3,5.0,1.75,4.0,4.75,1.86,3.76,4.6
E0,2015-05-16,West Ham,Everton,75,78,76,79,75,78,69,76,36,40,25,25,135.9,182.85,1,2,A,0,0,D,13,21,3,5,12,14,7,8,1,4,0,0,0.81,2.07,0.74,1.91,0.48,2.33,17.64,7.73,2.9,3.4,2.6,2.65,3.2,2.6,2.6,3.2,2.6,2.99,3.5,2.51,2.8,3.1,2.6,3.0,3.4,2.5,2.48,3.47,3.04
E0,2015-05-17,Manchester United,Arsenal,81,80,85,81,80,80,75,77,43,42,24,24,505.4,414.75,1,1,D,1,0,H,12,5,4,3,16,8,5,5,1,0,0,0,0.72,1.07,0.54,1.07,0.96,1.71,5.09,14.26,2.45,3.5,3.0,2.4,3.5,2.95,2.3,3.3,2.9,2.5,3.46,3.02,2.5,3.1,3.0,2.45,3.5,3.0,2.7,3.31,2.87
E0,2015-05-17,Swansea,Manchester City,75,82,76,85,74,81,73,81,36,34,25,26,130.75,448.25,2,4,A,1,2,A,13,22,9,11,8,8,11,7,0,3,0,0,1.06,2.28,0.67,2.17,0.57,2.24,10.92,13.21,4.75,4.2,1.75,5.0,3.75,1.75,4.5,3.5,1.75,5.03,4.23,1.71,5.0,3.5,1.75,5.0,4.1,1.73,4.9,4.15,1.74
E0,2015-05-18,West Bromwich Albion,Chelsea,74,83,73,82,73,80,71,81,34,38,26,24,95.95,557.25,3,0,H,1,0,H,9,12,5,3,12,11,3,4,3,2,0,1,1.23,1.08,0.47,0.75,1.52,1.15,23.33,12.32,4.1,3.5,2.0,4.0,3.5,2.0,3.6,3.3,2.0,4.21,3.54,2.0,4.0,3.1,2.05,4.2,3.5,2.0,5.56,3.95,1.7
E0,2015-05-20,Arsenal,Sunderland,80,74,81,72,80,74,77,71,42,34,24,25,414.75,91.0,0,0,D,0,0,D,28,7,8,3,6,8,5,2,1,0,0,0,1.69,1.5,1.53,1.5,1.44,1.3,5.75,27.82,1.3,6.0,11.0,1.3,5.75,10.0,1.35,4.6,8.2,1.32,5.46,12.31,1.29,5.5,11.0,1.29,6.0,13.0,1.29,6.2,11.95
E0,2015-05-24,Arsenal,West Bromwich Albion,80,74,80,74,81,74,77,71,42,34,24,26,414.75,95.95,4,1,H,4,0,H,24,14,13,5,6,7,7,3,1,0,0,0,3.17,0.57,2.41,0.45,2.83,0.11,9.23,25.08,1.4,5.25,8.5,1.4,4.75,7.0,1.4,4.4,7.3,1.43,4.91,8.53,1.4,4.5,8.0,1.4,5.0,9.0,1.35,5.7,9.5
E0,2015-05-24,Aston Villa,Burnley,75,70,72,72,74,69,74,71,38,30,25,26,114.25,52.55,0,1,A,0,1,A,16,6,5,3,9,6,7,2,1,2,0,0,0.65,0.66,0.41,0.63,1.26,1.33,10.8,19.64,2.1,3.6,3.75,2.1,3.5,3.25,2.0,3.3,3.6,2.12,3.67,3.65,2.1,3.3,3.5,2.1,3.6,3.7,2.22,3.54,3.48
E0,2015-05-24,Chelsea,Sunderland,83,74,85,73,79,73,81,72,38,34,24,25,557.25,91.0,3,1,H,1,1,D,24,17,8,9,12,8,11,3,2,1,0,0,2.53,1.39,1.75,1.19,2.17,0.62,10.42,19.93,1.36,5.25,9.5,1.36,5.25,8.75,1.3,5.0,9.0,1.36,5.33,10.43,1.36,4.5,10.0,1.36,5.25,10.5,1.31,6.05,11.0
E0,2015-05-24,Crystal Palace,Swansea,73,75,72,77,73,74,74,73,42,36,27,25,97.25,130.75,1,0,H,0,0,D,13,5,7,2,22,13,7,3,3,0,0,0,1.08,0.12,0.96,0.12,2.33,0.38,6.19,9.17,2.25,3.6,3.3,2.2,3.2,3.3,2.1,3.3,3.3,2.21,3.7,3.38,2.3,3.2,3.2,2.25,3.6,3.25,1.85,3.84,4.54
E0,2015-05-24,Everton,Tottenham,78,78,77,78,78,77,75,76,40,42,25,24,182.85,304.15,0,1,A,0,1,A,9,16,1,3,12,8,3,5,1,2,0,0,0.65,1.39,0.63,1.32,0.74,1.98,10.8,9.63,2.4,3.6,3.0,2.35,3.4,2.85,2.4,3.3,2.75,2.31,3.72,3.12,2.4,3.1,3.1,2.3,3.7,3.13,2.31,3.7,3.15
E0,2015-05-24,Hull,Manchester United,73,81,75,85,73,80,70,75,35,43,27,24,117.1,505.4,0,0,D,0,0,D,16,7,6,1,12,15,8,1,2,2,0,1,0.98,0.4,0.6,0.33,1.87,0.77,14.0,6.79,3.2,3.75,2.25,3.2,3.6,2.2,2.85,3.6,2.2,3.22,3.71,2.27,3.2,3.3,2.25,3.2,3.6,2.25,3.2,3.76,2.27
E0,2015-05-24,Leicester,Queens Park Rangers,72,75,71,70,72,73,68,72,37,41,26,26,66.7,112.25,5,1,H,2,0,H,22,18,7,2,7,6,5,6,0,0,0,0,2.17,1.27,1.05,0.85,2.01,0.77,10.62,6.74,1.6,4.33,6.0,1.6,3.8,5.5,1.6,3.9,5.0,1.57,4.57,6.02,1.62,3.8,5.5,1.57,4.5,6.0,1.53,4.94,6.13
E0,2015-05-24,Manchester City,Southampton,82,76,83,77,82,75,81,76,34,37,26,24,448.25,210.25,2,0,H,1,0,H,15,13,6,4,13,8,8,4,1,1,0,0,2.44,0.78,1.75,0.55,2.59,0.28,7.44,10.25,1.57,4.5,6.0,1.55,4.0,5.75,1.5,4.0,6.1,1.6,4.62,5.59,1.57,3.8,6.0,1.57,4.6,5.75,1.6,4.35,6.0
E0,2015-05-24,Newcastle United,West Ham,75,75,74,74,74,74,74,67,42,36,23,25,140.0,135.9,2,0,H,0,0,D,17,4,4,1,9,9,2,3,2,1,0,0,1.64,0.42,1.08,0.4,2.36,0.42,10.1,7.58,1.83,4.0,4.33,1.8,3.9,4.4,1.65,3.8,4.6,1.79,4.0,4.69,1.8,3.5,4.5,1.8,4.0,4.6,1.76,4.01,4.98
E0,2015-05-24,Stoke,Liverpool,76,79,76,78,75,77,74,78,30,35,27,24,110.5,324.85,6,1,H,5,0,H,15,13,9,4,13,4,3,9,4,2,0,0,2.16,1.02,0.86,0.94,2.27,0.53,12.87,10.92,3.5,3.6,2.15,3.25,3.4,2.15,3.3,3.3,2.1,3.51,3.7,2.15,3.3,3.3,2.2,3.5,3.6,2.15,3.56,3.6,2.17
